,short_name,name,age,height_cm,weight_kg,nationality,club,overall,potential,preferred_foot,international_reputation,weak_foot,skill_moves,work_rate,body_type,player_tags,team_position,loaned_from,joined,nation_position,pace,shooting,dribbling,defending,physic,gk_diving,gk_handling,gk_kicking,gk_reflexes,gk_speed,gk_positioning,player_traits,attacking_crossing,attacking_finishing,attacking_heading_accuracy,attacking_short_passing,attacking_volleys,skill_dribbling,skill_curve,skill_fk_accuracy,skill_long_passing,skill_ball_control,movement_acceleration,movement_sprint_speed,movement_agility,movement_reactions,movement_balance,power_shot_power,power_jumping,power_stamina,power_strength,power_long_shots,mentality_aggression,mentality_interceptions,mentality_positioning,mentality_vision,mentality_penalties,mentality_composure,defending_marking,defending_standing_tackle,defending_sliding_tackle,goalkeeping_diving,goalkeeping_handling,goalkeeping_kicking,goalkeeping_positioning,goalkeeping_reflexes,2014
0,L. Messi,Lionel Messi,27,169,67,Argentina,FC Barcelona,93,95,Left,5,3,4,Medium/Low,Normal,"#Speedster, #Dribbler, #FK Specialist, #Acrobat, #Clinical Finisher, #Complete Forward",CF,,2004-07-01,CF,93.0,89.0,96.0,27.0,63.0,,,,,,,"Finesse Shot, Speed Dribbler (CPU AI Only), One Club Player, Team Player",84,94-3,71,89,85-5,96-1,89+2,90+4,76,96,96,90+2,94,94-2,95,80-1,73,77-1,60,88,48,22,92-1,90,76,,25,21,20,6,11,15,14,8,136.8
1,Cristiano Ronaldo,Cristiano Ronaldo,29,185,80,Portugal,Real Madrid,92,92,Right,5,4,5,High/Low,Normal,"#Speedster, #Dribbler, #Distance Shooter, #Acrobat, #Clinical Finisher, #Complete Forward",LW,,2009-07-01,LW,93.0,93.0,91.0,32.0,79.0,,,,,,,"Power Free-Kick, Flair, Long Shot Taker (CPU AI Only), Speed Dribbler (CPU AI Only)",83,95+3,86,82,87+2,93+3,88,79,72,92-3,91,94,93,90,63-12,94,94,89,79,93,63,24,91+2,81,85,,22,31,23,7,11,15,14,11,121.6
2,L. Suárez,Luis Suárez,27,181,81,Uruguay,FC Barcelona,89,91,Right,5,4,4,High/Medium,Normal,"#Acrobat, #Clinical Finisher",RES,,2014-07-11,,83.0,87.0,88.0,42.0,79.0,,,,,,,"Diver, Beat Offside Trap, Selfish, Flair, Technical Dribbler (CPU AI Only)",77,91+2,75,82,85,90-2,86,84,64,89,88,79,86,91+2,60-25,84,69,86,76,82-2,78,41,88+2,84,85,,30,45,38,27,25,31,33,37,63.84
3,E. Hazard,Eden Hazard,23,173,74,Belgium,Chelsea,88,90,Right,4,4,4,High/Medium,Normal,"#Speedster, #Dribbler, #Acrobat",LM,,2012-07-01,LM,90.0,82.0,91.0,32.0,64.0,,,,,,,"Injury Free, Selfish, Finesse Shot, Flair, Playmaker (CPU AI Only), Technical Dribbler (CPU AI Only)",78-4,83,57,87+1,79,92+2,82,79,82,89,93+2,87,92,85+1,90,79,59,74+1,63,82,54,41,84,86+1,86+1,,25,27,22,11,12,6,8,8,53.01
4,G. Bale,Gareth Bale,24,183,74,Wales,Real Madrid,87,91,Left,4,3,4,High/Medium,Lean,"#Speedster, #Distance Shooter",RW,,2013-09-02,RM,94.0,83.0,84.0,63.0,81.0,,,,,,,"Avoids Using Weaker Foot, Long Shot Taker (CPU AI Only), Speed Dribbler (CPU AI Only), Chip Shot (CPU AI Only)",84,81-3,74,84+1,76,87+1,87,85,80-1,85,93+1,95+1,77,84,65,87,67-1,90,79,88,77,59-8,83,79-1,76,,60-8,65-8,62-10,15,15,11,5,6,91.2
5,R. Lewandowski,Robert Lewandowski,25,184,78,Poland,FC Bayern München,87,89,Right,4,4,4,High/Medium,Normal,#Clinical Finisher,LS,,2014-07-01,LS,80.0,84.0,85.0,39.0,78.0,,,,,,,"Injury Free, Chip Shot (CPU AI Only)",62,87,83,83+1,82,84,77+2,68+2,65,87+1,79-2,81,80,88+1,81-1,84+3,83-1,75-1,79-2,80,80,39,87+1,78,77+3,,25,42,25,15,6,12,8,10,57.0
6,Sergio Ramos,Sergio Ramos,28,183,75,Spain,Real Madrid,87,87,Right,4,3,3,High/Medium,Normal,"#Tackling , #Tactician ",LCB,,2005-08-01,LCB,79.0,61.0,66.0,87.0,82.0,,,,,,,"Leadership, Power Header",74,59,86,76,55,52-14,73,64+2,70,83+1,79-2,79,84,82,60,71,91,82,80,55,83,87,52,63,68+2,,85+2,89+3,90+2,11,8,9,7,11,48.45
7,David Silva,David Silva,28,170,67,Spain,Manchester City,87,87,Left,4,2,4,High/Low,Normal,"#Dribbler, #Playmaker  , #Acrobat",CAM,,2010-07-14,CAM,76.0,77.0,89.0,33.0,57.0,,,,,,,"Avoids Using Weaker Foot, Flair, Playmaker (CPU AI Only)",82+1,76,58,89,80,87,83,77,85,91,83,71-3,93,85,88,76,66,68,53,80,51,41,84,90,77,,23,30,29,13,9,13,9,13,45.6
8,L. Modrić,Luka Modric,28,174,65,Croatia,Real Madrid,87,87,Right,4,4,4,High/Medium,Lean,"#Dribbler, #Playmaker  , #Acrobat",RCM,,2012-08-01,,76.0,74.0,89.0,71.0,70.0,,,,,,,"Long Passer (CPU AI Only), Playmaker (CPU AI Only), Technical Dribbler (CPU AI Only)",78+2,71+1,55-2,88-2,75-1,86+3,82-1,79,86-2,92+2,78-1,74,93,88+4,94,72-1,67,86,66+4,82-2,62-7,73+2,79-1,89-2,80,,69+11,75+7,73+14,13,9,7,14,9,54.15
9,J. Rodríguez,James Rodríguez,22,180,75,Colombia,Real Madrid,86,92,Left,4,3,4,Medium/Medium,Normal,,CAM,,2014-07-22,CAM,79.0,80.0,85.0,40.0,72.0,,,,,,,"Diver, Flair, Playmaker (CPU AI Only), Technical Dribbler (CPU AI Only)",81,80+2,68,83,81+4,86,85,83,84+2,85,79-2,79+1,84+4,85+1,74+11,79,55,73,73,82+1,74,58,80,87+1,81,,25,36,30,15,15,15,5,14,54.15
10,Neymar,Neymar,22,175,64,Brazil,FC Barcelona,86,91,Right,5,5,5,High/Medium,Lean,"#Speedster, #Dribbler, #Acrobat",LW,,2013-07-01,CF,90.0,80.0,92.0,30.0,58.0,,,,,,,"Diver, Flair, Technical Dribbler (CPU AI Only)",71+1,85+1,62,72-3,83,94+2,78,78,72-1,90-1,91,89,92,86,84,77,61,86,45,70+1,56,36,87,72-2,81,,21,24,33,9,9,15,15,11,74.1
11,T. Courtois,Thibaut Courtois,22,199,88,Belgium,Chelsea,86,90,Left,3,3,1,Medium/Medium,Lean,,GK,,2011-07-26,GK,,,,,,84.0,87.0,69.0,88.0,49.0,86.0,GK Long Throw,25,25,25,32,25,25,25,25,31,23,46,52,61-3,76,45,36,68,38,70,25,23,25,25,25,27,,25,25,25,84+2,87,69,86,88,28.5
12,M. Hummels,Mats Hummels,25,192,90,Germany,Borussia Dortmund,86,88,Right,4,3,2,High/Medium,Normal,"#Aerial Threat, #Tackling , #Tactician , #Strength, #Complete Defender",SUB,,2009-07-01,LCB,66.0,59.0,71.0,88.0,78.0,,,,,,,"Injury Prone, Avoids Using Weaker Foot, Leadership, Long Passer (CPU AI Only), Playmaker (CPU AI Only)",64+5,57,91+1,80,51,68+2,62+1,61,80-1,77+1,63,68+1,64,85,59-2,71,70,67-1,86-4,52+3,73,90+2,56+5,78+2,72,,84,89+1,86,15,6,10,5,6,39.9
13,A. Di María,Ángel Di María,26,180,70,Argentina,Manchester United,86,88,Left,4,2,4,High/High,Lean,"#Speedster, #Dribbler, #Crosser, #Acrobat",LCM,,2014-08-27,LM,90.0,79.0,87.0,57.0,71.0,,,,,,,"Diver, Avoids Using Weaker Foot, Dives Into Tackles (CPU AI Only), Flair",91+2,75+1,53,82+1,77,88+2,83-1,72+2,81-1,86+1,90,90,90,80+2,79,88,72,79,64,79+1,76,72+19,84+2,83-1,73,,42,63+1,61,10,7,11,12,11,55.1
14,M. Reus,Marco Reus,25,181,73,Germany,Borussia Dortmund,86,88,Right,3,4,4,High/Medium,Lean,"#Speedster, #Dribbler, #Distance Shooter, #FK Specialist, #Acrobat",SUB,,2012-07-01,LW,91.0,86.0,86.0,33.0,65.0,,,,,,,"Beat Offside Trap, Long Shot Taker (CPU AI Only), Speed Dribbler (CPU AI Only)",82+3,85-1,49,85+2,87,88,90+5,87+2,77,83+1,89,92,89,87+1,82,85,70-2,77,66-1,89,44,37+1,87,85+2,83,,25,32,38,12,12,13,13,11,51.3
15,T. Müller,Thomas Müller,24,186,75,Germany,FC Bayern München,86,88,Right,4,4,3,High/High,Lean,"#Engine, #Clinical Finisher",RS,,2008-08-10,RW,81.0,84.0,80.0,46.0,72.0,,,,,,,"Finesse Shot, Outside Foot Shot",84+1,88+1,80+1,85,83-1,78-1,81,60,77+3,82-1,79-3,83+1,78-1,91+4,73-1,77-4,81+9,90+2,68,80,57,58+10,94+4,85,86,,32+7,41+2,44+12,6,7,11,14,14,57.0
16,S. Agüero,Sergio Agüero,26,172,74,Argentina,Manchester City,86,87,Right,4,4,4,High/Low,Normal,"#Dribbler, #Acrobat",ST,,2011-07-28,SUB,88.0,86.0,88.0,28.0,66.0,,,,,,,"Injury Prone, Beat Offside Trap, Flair, Technical Dribbler (CPU AI Only)",70,89-1,68-3,84,85-1,89-1,82,72,63,88-2,92-1,84-1,86,86,90,85-1,76,66,68-2,78-1,57,24,87,83,86,,25,20,25,13,15,6,11,14,51.3
17,M. Özil,Mesut Özil,25,183,76,Germany,Arsenal,86,87,Left,3,2,4,Medium/Low,Lean,"#Dribbler, #Playmaker  ",LW,,2013-09-02,CAM,74.0,74.0,87.0,27.0,58.0,,,,,,,"Finesse Shot, Flair, Playmaker (CPU AI Only), Technical Dribbler (CPU AI Only)",83,74+1,54,88,77,87,84,79,80,91,77-2,71,84-1,87+2,78,70+1,53,64,57+1,75,56,24,83-1,92,76,,22,25,25,6,14,10,6,14,54.15
18,M. Götze,Mario Götze,22,176,72,Germany,FC Bayern München,85,91,Right,3,4,4,Medium/Medium,Normal,"#Dribbler, #Playmaker  , #Acrobat",CM,,2013-07-01,ST,80.0,74.0,89.0,35.0,63.0,,,,,,,"Injury Prone, Flair, Technical Dribbler (CPU AI Only)",75+1,79+3,55-2,86-1,78,90-1,79+1,74,77+1,90,81-2,79-3,87-1,87-1,85-2,68,70+6,71,64-1,65,48+2,53-1,84,86,67,,25,29,26,14,7,12,6,10,58.71
19,Sergio Busquets,Sergio Busquets,25,189,73,Spain,FC Barcelona,85,89,Right,4,3,3,Medium/Medium,Lean,#Tactician ,CDM,,2008-09-01,RCM,56.0,59.0,75.0,81.0,81.0,,,,,,,Diver,62,60,70,85,44,74,66,68,78-1,83-1,59,54,57,84-2,55-2,61,66,86,77-1,54,86,88+2,77,85-1,60,,78-1,84-1,79,5,8,13,9,13,48.45
20,T. Kroos,Toni Kroos,24,182,78,Germany,Real Madrid,85,88,Right,4,5,3,Medium/Medium,Normal,"#Playmaker  , #Distance Shooter, #Crosser, #Complete Midfielder",LCM,,2014-07-17,LCM,58.0,81.0,84.0,58.0,69.0,,,,,,,"Long Shot Taker (CPU AI Only), Playmaker (CPU AI Only), Technical Dribbler (CPU AI Only)",86,76,54+6,91+3,84+1,84,88+2,83,90+3,86-1,63+1,54+1,75,87+1,78,87-1,54,75+1,74+6,88-2,54+1,72+7,75,88+2,73,,44+8,63+4,59+5,10,11,13,7,10,48.26
21,K. Benzema,Karim Benzema,26,184,79,France,Real Madrid,85,87,Right,4,4,4,Medium/Low,Normal,#Poacher,ST,,2009-07-01,ST,84.0,84.0,82.0,30.0,74.0,,,,,,,"Beat Offside Trap, Finesse Shot",75,88,78,84,77,82,80,73,47,85,83,84,79,83,71,83,71,74,78+3,78,65,22,87,81,82,,25,25,25,13,11,5,5,7,45.03
22,Diego Costa,Diego Costa,25,188,81,Spain,Chelsea,85,87,Right,3,4,3,High/Medium,Normal,#Strength,ST,,2014-07-15,ST,82.0,83.0,79.0,40.0,88.0,,,,,,,Diver,63,90+2,82,65,81,82,58,59,48,82-1,79+3,85,63,85,62,82,60,85+9,91,69,89,40,87,74,76-3,,28,39,34,11,13,12,8,11,38.76
23,H. Lloris,Hugo Lloris,27,188,78,France,Tottenham Hotspur,85,86,Left,3,1,1,Medium/Medium,Lean,,GK,,2012-08-01,GK,,,,,,86.0,81.0,71.0,88.0,64.0,81.0,Puncher,25,25,25,27,25,25,25,25,31,34,65,63,55,84,54,23,74,41-5,43,25,31,27,25,25,40,,25,25,25,86,81+1,71,81,88,18.24
24,Juan Mata,Juan Mata,26,174,63,Spain,Manchester United,85,86,Left,3,3,4,Medium/Medium,Lean,"#Playmaker  , #Acrobat",CAM,,2014-01-25,,74.0,75.0,87.0,31.0,60.0,,,,,,,"Finesse Shot, Flair, Playmaker (CPU AI Only), Technical Dribbler (CPU AI Only)",83,77-2,66,86-1,71,85-1,82,81,78,88-1,83-2,66-7,90,87-1,89,74,72,79,52,72,52,39,84-3,88-1,71,,25,22,25,9,10,14,5,8,44.84
25,M. García,Juan Mata,25,186,85,Argentina,Rosario Central,62,64,Right,1,3,1,Medium/Medium,Lean,,SUB,,2013-07-01,,,,,,,64.0,58.0,55.0,66.0,45.0,58.0,,25,25,25,25,25,25,25,25,21,24,49,41,30,66,60,26,54,39,50,25,25,26,25,25,23,,25,25,25,64,58,55,58,66,44.84
26,J. García,Juan Mata,22,177,75,Argentina,Club Atlético Banfield,55,61,Right,1,2,2,Medium/High,Normal,,SUB,,2013-06-01,,66.0,38.0,57.0,53.0,61.0,,,,,,,,40,32,45,62,28,53,38,34,55,59,65,66,68,46,67,42,63,72,59,47,52,50,47,48,37,,50,59,53,15,8,11,12,5,44.84
27,A. Sánchez,Alexis Sánchez,25,171,62,Chile,Arsenal,84,88,Right,3,3,4,High/Medium,Normal,"#Dribbler, #Acrobat",RW,,2014-07-10,RS,88.0,81.0,87.0,39.0,66.0,,,,,,,Flair,75,83+4,60+1,77,77+1,88+3,74,71+1,70,85+1,90+1,86,91,81,86,78+1,66,76,59-10,80+7,69,42,81-1,78,73,,30,39-3,35-1,10,10,15,12,13,38.76
28,Oscar,Oscar,22,179,67,Brazil,Chelsea,84,87,Right,3,3,4,Medium/High,Lean,#Acrobat,CAM,,2012-07-26,RW,81.0,75.0,85.0,43.0,44.0,,,,,,,"Beat Offside Trap, Long Shot Taker (CPU AI Only), Technical Dribbler (CPU AI Only)",70,75,54,85,63+4,85,77,70,82,86,84,79,86,81,80,76,66,76,31,79+3,31,34,81,85,68,,37,50,47,12,10,15,12,12,39.9
29,G. Higuaín,Gonzalo Higuaín,26,184,82,Argentina,Napoli,84,85,Right,3,4,3,High/Medium,Normal,,ST,,2013-07-27,ST,81.0,84.0,80.0,30.0,71.0,,,,,,,Outside Foot Shot,72,89-1,76,70,81-2,81,72,62,55,83,79+1,82+1,72+2,82,60+1,83,73+1,70+2,80,76+1,50,25,87-2,70,77,,25,25,25,5-1,12-1,7-1,5-1,10-1,44.46
30,D. Godín,Diego Godín,28,186,78,Uruguay,Atlético Madrid,84,84,Right,3,3,2,Medium/High,Lean,#Tactician ,LCB,,2010-08-01,LCB,67.0,48.0,60.0,86.0,78.0,,,,,,,Dives Into Tackles (CPU AI Only),55,42,87+3,73,47,53,49,51,69,67+1,64,69+1,62,81+1,58,67,83+3,73-3,78+1,43,84+1,86+1,48,52-6,50,,86+3,84+1,87+1,6,8,15,5,15,25.65
31,P. Pogba,Paul Pogba,21,188,80,France,Juventus,83,89,Right,3,4,4,High/Medium,Lean,"#Distance Shooter, #Strength",LCM,,2012-07-01,RDM,76.0,78.0,83.0,73.0,88.0,,,,,,,"Dives Into Tackles (CPU AI Only), Flair, Long Shot Taker (CPU AI Only), Technical Dribbler (CPU AI Only)",73-1,70-1,81,82-1,78-1,84-1,78-1,65-4,82-1,88+1,75,77,79,78-1,60,89+1,87+6,87+3,90+3,88+2,85+1,69+3,77-1,83+2,67-1,,63,79-2,83-2,5-1,6-1,2-1,4-1,3-1,47.12
32,Isco,Isco,22,176,74,Spain,Real Madrid,83,88,Right,2,3,3,High/Low,Normal,#Dribbler,SUB,,2013-07-03,SUB,76.0,76.0,86.0,32.0,62.0,,,,,,,"Finesse Shot, Playmaker (CPU AI Only), Outside Foot Shot, Technical Dribbler (CPU AI Only)",72-2,76-2,61,87,59,86-2,84,74,79-4,89,78,74,86,79,84,73,64,70,59,82,58,43,79-3,85,76,,25,23,26,10,8,12,15,6,39.9
33,F. Alarcón,Isco,24,189,85,Chile,CD Antofagasta,67,67,Right,1,2,2,Medium/Medium,Lean,,SUB,,2014-07-12,,55.0,27.0,36.0,67.0,77.0,,,,,,,Injury Free,30,20-4,70+12,64+25,25-3,38,26,25-8,51+16,32,46+4,62+12,34,54,33-1,48,77+1,65-3,83+5,21,75+23,63+9,45+17,33,20-22,,68+7,68,64,7,8,6,11,13,39.9
34,I. Gündoğan,Ilkay Gündogan,23,180,79,Germany,Borussia Dortmund,83,87,Right,3,4,4,High/Medium,Normal,"#Dribbler, #Playmaker  , #Acrobat",SUB,,2011-07-01,,79.0,70.0,86.0,67.0,70.0,,,,,,,"Finesse Shot, Flair, Playmaker (CPU AI Only), Technical Dribbler (CPU AI Only)",73,65,54,87-1,76,87,82,74,84,86,82-2,77-1,86,86,84,76,63-1,65-9,73-1,73,68,81,73,86,72,,58,71,67,11,14,5,5,13,22.8
35,M. Pjanić,Miralem Pjanic,24,180,74,Bosnia Herzegovina,Roma,83,86,Right,3,4,3,Medium/Medium,Normal,#Playmaker  ,RCM,,2011-08-31,,72.0,75.0,84.0,63.0,66.0,,,,,,,"Finesse Shot, Long Shot Taker (CPU AI Only), Playmaker (CPU AI Only), Technical Dribbler (CPU AI Only)",77-3,70-1,61-1,89-1,71-1,83-1,81-1,85-1,85-1,89-1,72,72,76,85-1,70+2,79-1,66,76,60,84,67-1,67-1,77-1,88-2,79-1,,57-1,67-1,65-1,7-1,7-1,13-1,7-1,8-1,26.79
36,A. Ramsey,Aaron Ramsey,23,177,70,Wales,Arsenal,83,86,Right,3,3,3,High/High,Lean,#Engine,RCM,,2008-06-13,CAM,71.0,78.0,80.0,70.0,77.0,,,,,,,Long Shot Taker (CPU AI Only),74,77+1,58,84,78+2,81,64,70,82,82,73,69,74,81+4,75,81,63,93,71+2,78+1,75,72,84+2,81,76,,65,77,68,6,11,5,10,8,25.08
37,Pedro,Rui Patrício,26,169,64,Spain,FC Barcelona,83,86,Right,3,5,4,High/Medium,Normal,,RW,,2008-01-01,RW,83.0,76.0,84.0,37.0,60.0,,,,,,,,78-1,80-1,55,83-1,70,84-1,81,57,74,85-2,86,80-3,84,88,82,71,67,78,52,73-1,56,49,85-2,75-2,66,,30,32,31,5,11,12,15,9,22.8
38,Rui Patrício,Rui Patrício,26,190,85,Portugal,Sporting CP,80,84,Left,2,2,1,Medium/Medium,Normal,,GK,,2006-01-01,GK,,,,,,83.0,81.0,82.0,80.0,47.0,78.0,GK Up for Corners,25,25,25,31,25,25,25,25,30,25,45,48,56,75+1,51,38,79,45,76,25,39,22,25,25,32,,25,25,25,83-2,81,82,78-2,80-1,22.8
39,B. Matuidi,Blaise Matuidi,27,175,70,France,Paris Saint-Germain,83,85,Left,3,3,2,High/High,Lean,"#Engine, #Tactician ",LCM,,2011-07-01,LDM,78.0,67.0,76.0,84.0,82.0,,,,,,,Team Player,72,65,73-4,83,72,73,65,52,79-1,77-3,77,79,81,83-3,79,74,81,95+2,75,66,85,88,70,74-3,56,,84+3,84,83,8,11,5,10,14,25.365
40,I. Rakitić,Ivan Rakitic,26,184,75,Croatia,FC Barcelona,83,84,Right,3,3,3,Medium/Medium,Normal,#Crosser,RCM,,2014-06-24,,69.0,82.0,81.0,55.0,67.0,,,,,,,Finesse Shot,89+3,80,49,85-1,80,81+2,87,84,90+1,86+1,69+2,69-1,72,78+1,66,85+4,52,79+2,63,84,67,61,80+2,87+2,78,,51+3,59,50,14,11,12,5,9,28.5
41,C. Eriksen,Christian Eriksen,22,177,71,Denmark,Tottenham Hotspur,82,88,Right,3,5,4,High/Medium,Normal,,CAM,,2013-08-30,CAM,81.0,72.0,83.0,47.0,55.0,,,,,,,"Injury Free, Flair, Playmaker (CPU AI Only), Technical Dribbler (CPU AI Only)",83-1,70,52,83-1,69,84,85,84,82,85-1,84-1,78-4,78-4,81,79,78,57,87-2,47,74,35,55,73-1,85-1,67,,42,52,22,9,14,7,7,6,21.66
42,M. ter Stegen,Marc-André ter Stegen,22,189,82,Germany,FC Barcelona,82,88,Right,2,4,1,Medium/Medium,Normal,,SUB,,2014-07-01,,,,,,,83.0,81.0,82.0,85.0,45.0,78.0,,25,25,25,30,25,25,25,25,38,28,38,50,37,81+2,43,38,82,35,79,25,43,22,25,25,33,,25,25,25,83,81,82,78,85,20.9
43,A. Griezmann,Antoine Griezmann,23,176,68,France,Atlético Madrid,82,88,Left,2,3,4,High/Medium,Normal,#Acrobat,LS,,2014-07-29,LM,85.0,77.0,83.0,30.0,68.0,,,,,,,Speed Dribbler (CPU AI Only),82,80,70,74,81,86,84,70,76,80,85,85,88,80,70,75,79-1,75,62,70,70,35,86,74,64,,23,22,25,14,8,14,13,14,32.3
44,D. Alaba,David Alaba,22,180,75,Austria,FC Bayern München,82,87,Left,3,4,3,High/Medium,Normal,#Acrobat,LCB,,2010-02-10,LDM,86.0,70.0,82.0,79.0,72.0,,,,,,,Long Shot Taker (CPU AI Only),85,63,69,84+1,65+3,81,74,75,79+1,83,87,86,86,84,77-2,78,78+1,88+3,65,76,68,83,76+1,77,74,,78,81,79,5,7,14,15,9,39.9
45,M. Balotelli,Mario Balotelli,23,188,80,Italy,Liverpool,82,86,Right,4,4,4,Low/Low,Normal,,ST,,2014-08-25,,82.0,82.0,81.0,30.0,79.0,,,,,,,"Power Free-Kick, Dives Into Tackles (CPU AI Only), Flair, Long Shot Taker (CPU AI Only), Technical Dribbler (CPU AI Only)",65-1,82-2,71-1,73-1,83-1,83-3,79-1,75-1,49-1,87-1,82,82,78,66+2,54,85-1,78+2,72,87+1,76,69-1,32-1,81-1,71-1,92-1,,24-1,24-1,24-1,2-3,2-3,2-1,4+1,2-1,31.16
46,D. Mertens,Dries Mertens,27,169,61,Belgium,Napoli,82,85,Right,2,4,4,High/Medium,Normal,"#Dribbler, #Acrobat",SUB,,2013-07-01,SUB,88.0,77.0,87.0,37.0,53.0,,,,,,,"Diver, Technical Dribbler (CPU AI Only)",79,76,35,81,69,87+2,85,82,74,87,92+1,85+2,93+1,76,92+1,79,59+2,76+1,36+2,81+1,64,43,76,82,80+2,,30,41,40,7-1,10-1,8-1,10-1,4-1,16.72
47,Marcelo,Marcelo,26,174,75,Brazil,Real Madrid,82,85,Left,3,3,3,High/Medium,Normal,,LB,,2007-01-01,LB,81.0,67.0,84.0,77.0,79.0,,,,,,,,85-2,64,63,80+1,54,83,80,67,76,86,79-2,83,79,85,84,83,79,82-5,75,65,86,83,67+3,70,59,,74-1,79-4,83-2,12,5,5,5,9,28.5
48,M. Silva,Marcelo,25,187,87,Uruguay,UD Las Palmas,68,72,Right,1,3,2,Medium/Medium,Stocky,,SUB,,2014-08-02,,57.0,34.0,49.0,65.0,78.0,,,,,,,Dives Into Tackles (CPU AI Only),31,21,71,55,33,45,48,45,52,52,54-1,59+4,60,55,47,60,79,72,80-2,34,79,59,29,42,48,,64,66,71,5,11,6,5,13,28.5
49,B. Leno,Bernd Leno,22,190,82,Germany,Bayer 04 Leverkusen,82,85,Right,2,3,1,Medium/Medium,Lean,,GK,,2012-01-01,,,,,,,82.0,82.0,81.0,83.0,49.0,83.0,,25,25,25,36,25,25,25,25,33,28,46,52,52,82+2,44,43,73,43,68,25,28,22,25,25,23,,25,25,25,82-3,82+1,81-3,83+6,83-2,20.52
50,Koke,Koke,22,178,74,Spain,Atlético Madrid,82,85,Right,2,4,3,High/High,Stocky,#Playmaker  ,RM,,2011-01-01,SUB,75.0,72.0,81.0,53.0,73.0,,,,,,,Playmaker (CPU AI Only),84,68,62,86,56,79,84,73,85,86,77,74,78,84,77,81+1,61,82,72+11,78,68,58,76,88,59,,50,51,48,14,12,5,10,13,36.1
51,J. Vertonghen,Jan Vertonghen,27,189,86,Belgium,Tottenham Hotspur,82,84,Left,3,3,3,High/Medium,Normal,,SUB,,2012-07-01,LB,72.0,67.0,69.0,82.0,81.0,,,,,,,Power Free-Kick,68,60,84,80,52,67-2,58,73,76,74-4,69,75+1,68,80,55,86,80,79-2,81-1,68,83,84,65,72,68,,79,83,79,6,10,9,12,7,23.37
52,Willian,Willian José,25,175,75,Brazil,Chelsea,82,84,Right,2,4,4,High/High,Lean,"#Dribbler, #Engine, #Acrobat",SUB,,2013-08-28,LW,89.0,73.0,87.0,51.0,63.0,,,,,,,"Flair, Playmaker (CPU AI Only), Technical Dribbler (CPU AI Only)",74,75,29,82,59,88,74,57,77,87-1,92,86,87,81,82,71,46,86,61,80,44,55,77,80,51,,43+9,62+35,51+30,14,12,13,7,13,1.71
53,Willian José,Willian José,22,186,89,Brazil,Real Zaragoza,70,73,Right,1,4,3,Medium/Medium,Normal,,SUB,,2010-06-14,,65.0,71.0,68.0,37.0,63.0,,,,,,,Beat Offside Trap,43,71,65+4,58,64-4,70-2,61,60,45,71+1,64-3,65,54,68-3,51,76+2,47,68,74,68,32,39,71-3,66,72-2,,28,36,34,14,13,15,14,7,1.71
54,David Luiz,David Luiz,27,189,84,Brazil,Paris Saint-Germain,82,83,Right,4,3,3,High/Medium,Normal,,RCB,,2014-07-01,RCB,77.0,64.0,72.0,80.0,78.0,,,,,,,"Long Throw-in, Power Free-Kick, Flair, Long Passer (CPU AI Only), Long Shot Taker (CPU AI Only)",68,56,82,77,67,69,70,75,70,79,75,78,75,74,56,73,80,75,77,71,84,77,49,68,75,,78,82,82,11,12,10,7,14,32.3
55,R. Varane,Raphaël Varane,21,191,78,France,Real Madrid,81,88,Right,3,3,2,Medium/Medium,Lean,,SUB,,2011-07-01,RCB,76.0,45.0,62.0,83.0,76.0,,,,,,,Injury Prone,36,40,84-1,73,42,57,46,54,74,72,74+9,77+1,53+2,78,47,52,76,69-1,80,53,73,85,44,56,43,,80-1,84,83-3,11,11,9,5,14,27.93
56,A. Laporte,Aymeric Laporte,20,189,85,France,Athletic Club de Bilbao,81,88,Left,2,2,2,Medium/Medium,Lean,,LCB,,2012-10-01,,67.0,29.0,55.0,83.0,80.0,,,,,,,,31+2,25+2,84+12,68+3,30+2,43+2,50+2,47+2,78+7,70+4,65+13,69+14,58+12,73+6,56+12,37+2,84+9,74+21,83+9,27+2,79+15,84+4,34+2,48+2,35+2,,82+5,84+4,81+3,10,11,5,14,5,14.25
57,Coutinho,Philippe Coutinho,22,171,71,Brazil,Liverpool,81,86,Right,2,4,4,High/Medium,Lean,"#Dribbler, #Acrobat",CAM,,2013-01-30,SUB,81.0,68.0,87.0,33.0,50.0,,,,,,,"Finesse Shot, Flair, Long Shot Taker (CPU AI Only), Technical Dribbler (CPU AI Only)",74,66,47,85,75,87-1,84,72,74,86,89-1,75-2,91,73,91,69,59,63,49,68,35,30,76,86,64,,24,38,35,12,7,9,14,6,20.52
58,K. De Bruyne,Kevin De Bruyne,23,181,76,Belgium,VfL Wolfsburg,81,86,Right,2,5,4,High/Medium,Normal,,LM,,2014-01-18,RCM,77.0,80.0,82.0,41.0,69.0,,,,,,,"Long Passer (CPU AI Only), Long Shot Taker (CPU AI Only)",78,78,41,82,78,82,76,76,81-1,83+1,75,78-4,78,78,79+2,82,65,83-2,74,83,42,52,82,80,75,,37,39,40,15,13,5,10,13,19.76
59,Jordi Alba,Jordi Alba,25,170,69,Spain,FC Barcelona,81,85,Left,3,3,3,High/Medium,Normal,"#Speedster, #Acrobat",LB,,2012-07-01,LB,92.0,69.0,81.0,78.0,76.0,,,,,,,,81-3,73+9,62,78+2,60,80-1,77,64,71+1,79-2,93,92,89-1,83-2,87,64,81-2,92,67,66,77-2,82+2,77+2,68,59,,76,82-2,79,13,15,13,6,13,28.5
60,H. Mkhitaryan,Henrikh Mkhitaryan,25,178,72,Armenia,Borussia Dortmund,81,85,Right,2,5,4,High/High,Lean,"#Dribbler, #Acrobat",RM,,2013-07-08,,86.0,75.0,85.0,54.0,71.0,,,,,,,"Injury Free, Playmaker (CPU AI Only), Technical Dribbler (CPU AI Only)",64+1,74-3,58-6,83-2,84-1,86,80,59+2,79,83,88-1,84+2,88,81,83-1,75-1,75,85+1,66-4,73-3,67,63,81,80-2,70,,49+2,53-3,54,5,11,14,5,7,29.64
61,Roberto Firmino,Roberto Firmino,22,181,76,Brazil,TSG 1899 Hoffenheim,81,85,Right,2,3,4,Medium/Medium,Lean,#Dribbler,CAM,,2011-01-01,,77.0,77.0,85.0,33.0,67.0,,,,,,,"Flair, Technical Dribbler (CPU AI Only)",70,80,72,83+1,80+8,87+1,74,67,72,83+1,78-1,77,84+1,78,78,73,74,76-1,72+4,74,41,33,80,81+1,63-10,,24,30,31,8,11,9,6,10,22.8
62,S. El Shaarawy,Stephan El Shaarawy,21,178,72,Italy,Milan,80,87,Right,3,4,4,High/High,Lean,,SUB,,2011-07-01,SUB,87.0,76.0,84.0,33.0,60.0,,,,,,,"Injury Prone, Finesse Shot, Speed Dribbler (CPU AI Only)",73-1,77-1,53-1,73-1,77-1,83-1,85-1,70-1,55-1,87-1,88,86,84,71-1,83+1,75-1,60,74+10,55+1,72,53-1,40-1,79-1,77-1,73-1,,24-1,34-1,24-1,4-1,2-1,4-1,4-1,2-1,23.94
63,Parejo,Dani Parejo,25,180,75,Spain,Valencia CF,80,86,Right,2,4,3,Medium/Medium,Lean,#Playmaker  ,RCM,,2011-07-01,,61.0,71.0,78.0,58.0,68.0,,,,,,,,82+9,61+1,56+4,91+5,68+9,76+1,82-1,82+4,84+1,86+5,60-4,62-5,69+3,74-5,70-1,80+1,60+7,74+7,73+2,80+4,51-21,75,76+8,87+7,82+14,,58-13,50-22,48-22,5,9,12,14,8,14.25
64,R. Lukaku,Romelu Lukaku,21,190,94,Belgium,Everton,80,86,Left,3,4,3,High/Medium,Stocky,#Strength,ST,,2014-07-30,SUB,84.0,80.0,75.0,30.0,81.0,,,,,,,Beat Offside Trap,68,83+2,78+1,67,69,77,56,51,58,80,82,86,64+15,74,48,84,70,73,90,72,73,27,77,69,75,,25,25,22,8,15,14,7,10,31.35
65,Rodrigo,Hirving Lozano,23,180,70,Spain,Valencia CF,80,86,Left,2,3,4,High/Medium,Lean,,RW,SL Benfica,,,86.0,80.0,79.0,33.0,71.0,,,,,,,"Beat Offside Trap, Speed Dribbler (CPU AI Only)",65+1,81+3,75,73+2,80+2,79,78+1,67+7,60+1,78,85+1,87+1,81,82+2,70+1,81,74+1,75+1,71-1,77,67+1,31+1,85+1,71-3,82+12,,26+1,28+1,29+1,7,13,10,11,5,1.14
66,H. Lozano,Hirving Lozano,18,177,70,Mexico,Pachuca,70,80,Right,1,3,2,High/Low,Lean,,SUB,,2014-01-01,,82.0,67.0,72.0,33.0,61.0,,,,,,,Speed Dribbler (CPU AI Only),67+8,64+9,55+11,67+13,73+33,73+15,67+6,55+5,59+12,70+11,81+6,83+5,80+9,61+7,72-1,70+14,61-1,79+26,59+12,72+10,41-1,52+27,68+12,60+5,57+2,,24-1,26-1,24-1,10,9,13,13,9,1.14
67,M. Verratti,Marco Verratti,21,165,60,Italy,Paris Saint-Germain,80,86,Right,2,3,3,Medium/Medium,Normal,#Acrobat,RCM,,2012-07-01,SUB,70.0,55.0,84.0,73.0,67.0,,,,,,,"Long Passer (CPU AI Only), Playmaker (CPU AI Only)",67,45-11,55,86+1,64,83,76,66,85+3,85+1,72,68-3,87,82,93,66,64,77,56-11,58,85,78+2,61,84,64,,73,76+1,73,12,12,15,15,10,28.12
68,R. Sterling,Raheem Sterling,19,170,69,England,Liverpool,80,86,Right,3,3,4,High/Medium,Lean,#Speedster,SUB,,2010-02-27,CAM,93.0,69.0,84.0,46.0,62.0,,,,,,,"Avoids Using Weaker Foot, Beat Offside Trap, Flair, Speed Dribbler (CPU AI Only)",72,71+2,38,74,59,84,64,49,66,82+3,94+2,92+1,88,74,91+4,67,49,75,67+2,69+5,34,26,75,69,63,,48,58,54,15,12,12,15,9,18.81
69,Bernard,Bernard,21,164,57,Brazil,Shakhtar Donetsk,80,86,Right,2,4,4,High/Medium,Lean,"#Speedster, #Acrobat",SUB,,2013-08-08,,90.0,71.0,85.0,37.0,39.0,,,,,,,"Flair, Speed Dribbler (CPU AI Only)",78,73,58,79,67,85,75,76,67,83,91,90,92,79,97+10,76,61,70-7,21,64,40,35,81,76,56,,38,36,24,5,10,12,9,11,20.52
70,A. Witsel,Axel Witsel,25,186,73,Belgium,Zenit St. Petersburg,80,85,Right,2,3,4,Medium/Medium,Normal,#Acrobat,RDM,,2012-09-03,CDM,71.0,73.0,83.0,74.0,80.0,,,,,,,"Injury Free, Dives Into Tackles (CPU AI Only), Flair",70,71,77,83,70,83,69,70,78,85,67,74,87,82,60-4,77,76,85,79,72,78,82,75,78,77,,70,73,71,5,7,7,10,7,39.9
71,C. Immobile,Ciro Immobile,24,181,85,Italy,Borussia Dortmund,80,85,Right,2,4,3,High/Medium,Normal,,ST,,2014-07-01,RS,78.0,80.0,76.0,32.0,78.0,,,,,,,"Diver, Avoids Using Weaker Foot, Beat Offside Trap, Finesse Shot",54,85,79,70,80,74,69,50,48,78,76,80-1,77+4,84,66+6,79,78,77-1,77+3,70,81,28,86+1,60,74,,20,32,28,5,7,14,11,5,14.63
72,X. Shaqiri,Xherdan Shaqiri,22,169,72,Switzerland,FC Bayern München,80,85,Left,2,4,4,High/Medium,Stocky,"#Dribbler, #Acrobat",SUB,,2012-07-01,RAM,88.0,78.0,86.0,57.0,74.0,,,,,,,"Flair, Long Shot Taker (CPU AI Only), Speed Dribbler (CPU AI Only)",74,75+3,37,79,76+2,86,82+3,78,68,84,92,84,88-2,80+1,94+1,84-1,63+2,78,74+5,81+2,73+5,65,78,78,65+1,,58,60,53,13,12,12,11,11,22.8
73,J. Draxler,Julian Draxler,20,187,75,Germany,FC Schalke 04,80,85,Right,2,5,4,Medium/Medium,Lean,#Dribbler,CAM,,2011-01-15,SUB,78.0,78.0,84.0,34.0,61.0,,,,,,,"Finesse Shot, Flair, Long Shot Taker (CPU AI Only), Playmaker (CPU AI Only), Technical Dribbler (CPU AI Only)",78,75,58,82,79,86,78,72,74,84,78-1,78,84-1,81+1,75-1,81,67,69,62,85,49,38,76,75,62,,25,35,26,11,13,5,13,8,34.2
74,Douglas Costa,Douglas Costa,23,170,73,Brazil,Shakhtar Donetsk,80,84,Left,1,3,5,Medium/Medium,Lean,#Dribbler,RAM,,2010-01-01,,85.0,73.0,85.0,51.0,62.0,,,,,,,"Avoids Using Weaker Foot, Flair, Technical Dribbler (CPU AI Only)",75,68,68,80,67,86+3,81,78,74,84+2,86,84,85+6,71,85-1,78+4,61,71,61,77,55,43,78,81,77,,41,62,47,13,15,9,12,5,18.24
75,N. Otamendi,Nicolás Otamendi,26,183,75,Argentina,Valencia CF,80,84,Right,2,3,2,Medium/Medium,Normal,,LCB,,2014-07-01,,66.0,51.0,62.0,84.0,76.0,,,,,,,Dives Into Tackles (CPU AI Only),43+1,59+1,80+1,65+3,58+1,60+1,50+1,44+1,59+1,63+1,71+18,61+10,61+1,73+1,63+1,59+1,75+1,69+1,78+1,26+1,82+1,85+1,50+1,52+1,44+1,,84+1,84+1,85+1,12,5,8,11,12,13.68
76,José Callejón,José Callejón,27,178,73,Spain,Napoli,80,83,Right,2,2,3,High/Medium,Lean,,RAM,,2013-07-11,,90.0,78.0,82.0,29.0,62.0,,,,,,,"Beat Offside Trap, Long Shot Taker (CPU AI Only), Speed Dribbler (CPU AI Only)",76-1,77-1,54-1,76-1,79-1,81-1,69-1,67-1,54-1,83-1,89+1,90+2,83+1,79-1,78+1,80-1,73,80-1,56+1,80,52-1,28-1,85-1,76-1,63-1,,25,25,25,7-1,4-1,13-1,10-1,10-1,23.18
77,W. Szczęsny,Wojciech Szczesny,24,196,84,Poland,Arsenal,80,83,Right,2,3,1,Medium/Medium,Lean,,GK,,2006-07-01,GK,,,,,,83.0,79.0,70.0,84.0,45.0,76.0,,25,25,25,31,25,25,25,25,35,21,50,40,55,76,46,34,38,38,61,25,39,25,25,25,47,,25,25,25,83-1,79,70,76,84,17.67
78,M. Dembélé,Moussa Dembélé,26,185,82,Belgium,Tottenham Hotspur,80,82,Left,3,2,4,Medium/Medium,Normal,,LDM,,2012-08-01,SUB,79.0,71.0,84.0,69.0,83.0,,,,,,,"Avoids Using Weaker Foot, Flair, Technical Dribbler (CPU AI Only)",64,65,67,83,76,86,64,54,78,85-1,78-7,79,82-3,77,73-3,84,77,82,87,71,75,72,70,79,66,,62,75,63,15,13,10,15,13,0.285
79,M. Dembélé,Moussa Dembélé,17,183,74,France,Fulham,64,80,Right,1,3,3,Medium/Low,Lean,,RES,,2012-07-01,,81.0,62.0,64.0,28.0,63.0,,,,,,,Long Shot Taker (CPU AI Only),49,64,59,58,51,65,37,34,30,64,78,83,67,58,63,66+11,70+2,61,72+4,54+5,43,25,64+6,49,59,,25,25,25,6,12,10,9,7,0.285
80,D. Lovren,Dejan Lovren,24,188,84,Croatia,Liverpool,80,82,Right,2,4,2,High/High,Normal,#Strength,RCB,,2014-07-27,,63.0,39.0,63.0,81.0,82.0,,,,,,,,58,32,74,69,41,63,25,25,67,66,61+10,65+10,56+23,75+2,46,62,76,70,86,33,86+2,81,20,55,51,,80+1,83,82+1,13,13,12,9,6,18.24
81,N. Nkoulou,Nicolas N'Koulou,24,180,77,Cameroon,Olympique de Marseille,79,85,Right,3,3,2,Medium/Medium,Normal,,LCB,,2011-07-01,RCB,79.0,43.0,69.0,80.0,75.0,,,,,,,"Injury Free, Leadership",59,32,73-1,76-1,63,63,36,27,75,75,78,79+2,69,79,78,57,82,73,75,45,78-1,83-2,53-2,66,49,,79,81-1,79-1,5,6,5,14,6,14.82
82,L. Insigne,Lorenzo Insigne,23,163,59,Italy,Napoli,79,85,Right,2,3,3,Medium/Medium,Normal,#Acrobat,LAM,,2010-07-01,,89.0,70.0,86.0,27.0,47.0,,,,,,,"Finesse Shot, Flair, Speed Dribbler (CPU AI Only)",70,68,56,78,68,84,78,74,74,86,93+1,85+1,95+1,74,93+1,69,54-1,77+1,37+2,75+1,33,21,74,80,61,,25,25,20,8-1,4-1,14-1,9-1,10-1,17.1
83,Paco Alcácer,Paco Alcácer,20,174,74,Spain,Valencia CF,79,85,Right,1,4,3,Medium/High,Normal,,ST,,2010-08-05,SUB,78.0,79.0,78.0,29.0,72.0,,,,,,,Beat Offside Trap,53+1,83+2,75+12,70+8,76+7,75+4,82+1,56-4,51+1,81+6,81,75+5,82+5,79+1,81+2,81+8,75+14,77+11,74+14,70-1,58+1,26+1,83+1,66+1,70-1,,26-8,21+1,26-9,12,14,14,8,5,11.685
84,G. Bonaventura,Giacomo Bonaventura,24,180,75,Italy,Milan,79,84,Right,2,3,3,High/High,Lean,,LW,,2014-09-01,,80.0,75.0,80.0,60.0,73.0,,,,,,,,79,73-3,60-1,80-1,70,81-1,76-1,66-1,71-1,82,82+3,79,77+1,76-1,75+2,80+1,66,82,68,78,75-2,65+1,76,75-1,66-1,,48-1,67-2,67-2,9-1,13-1,6-1,14-1,13-1,10.26
85,Alex Sandro,Alex Sandro,23,180,78,Brazil,FC Porto,79,84,Left,2,2,3,High/Medium,Normal,,SUB,,2011-07-01,SUB,84.0,64.0,81.0,77.0,77.0,,,,,,,,80,57,63,76,56,83,73,59,70,81+1,85+1,83+1,76,82+1,76,75,73,86+5,75,70,73,77-3,77,70,59,,76-1,80,82-1,7,7,9,12,5,18.24
86,Ander Herrera,Ander Herrera,24,182,73,Spain,Manchester United,79,84,Right,2,4,4,High/Medium,Lean,,RCM,,2014-06-26,,76.0,63.0,84.0,54.0,65.0,,,,,,,Diver,60+2,61,38,88,60,83,72,70,81,87,78,75,84,81,78,64+9,63,68,59+1,62,77,66,80,85,57,,47,60,48,9,12,15,9,8,26.79
87,A. Lacazette,Alexandre Lacazette,23,175,73,France,Olympique Lyonnais,79,84,Right,2,3,4,High/Medium,Normal,#Dribbler,LS,,2010-01-01,SUB,87.0,77.0,83.0,39.0,72.0,,,,,,,"Diver, Flair, Speed Dribbler (CPU AI Only)",66,82+1,72,74,68,86+5,56,57,60,80+2,88,87,83+2,76+2,83+2,76+2,74,74+4,74,70,65+6,49,82+2,76+6,74+6,,30,33,35,11,6,9,5,6,14.63
88,K. Volland,Kevin Volland,21,179,82,Germany,TSG 1899 Hoffenheim,79,84,Left,2,3,3,High/High,Normal,#Engine,RM,,2011-01-13,,81.0,80.0,79.0,42.0,80.0,,,,,,,"Speed Dribbler (CPU AI Only), Chip Shot (CPU AI Only)",77,81,69,79,68,79,76,73,67,80,82,80,77-1,79,85-2,84,77+1,89-1,78,79,75,44+3,79,79,71,,25,50,33,8,7,9,7,12,21.66
89,L. Bonucci,Leonardo Bonucci,27,190,82,Italy,Juventus,79,83,Right,2,3,2,Medium/Medium,Lean,,CB,,2010-07-01,CB,69.0,46.0,65.0,78.0,79.0,,,,,,,"Injury Free, Long Passer (CPU AI Only)",43-1,40-1,83+2,73+2,38-1,62-1,60-1,46-1,79+2,72-1,65,73-2,59,78-1,51,65-3,87,75,81,40-1,79-1,79-1,43-1,71-4,51-1,,75+2,79-2,81,2-1,2-1,3-1,2-1,4-1,21.66
90,D. Blind,Daley Blind,24,180,72,Netherlands,Manchester United,79,83,Left,3,3,3,Medium/High,Normal,,CDM,,2014-09-01,LWB,66.0,51.0,75.0,74.0,77.0,,,,,,,,62+7,41,66,82+1,48+4,72,64+2,54+17,75+2,79+1,68,64-1,73-1,83+2,72,67,66,92+6,73+1,51-3,73+1,79+2,67,74+1,55,,68,79,76,11,8,9,13,9,12.54
91,Deulofeu,Gerard Deulofeu,20,179,73,Spain,Sevilla FC,79,83,Right,1,4,4,High/Low,Normal,"#Speedster, #Dribbler, #Acrobat",SUB,FC Barcelona,,,91.0,68.0,86.0,26.0,59.0,,,,,,,"Selfish, Technical Dribbler (CPU AI Only)",74+4,72+1,39+1,66+3,54+1,88+3,83+1,74+1,53+1,85+3,90,92+1,93+1,76+3,77+2,63+1,72+1,76+1,57+1,64+1,39+1,21+1,77+5,61+1,69+1,,25,26+1,21+1,11,15,13,10,10,13.68
92,Carvajal,Dani Olmo,22,173,73,Spain,Real Madrid,79,83,Right,2,3,2,High/Medium,Stocky,,RB,,2013-07-05,SUB,82.0,40.0,78.0,76.0,82.0,,,,,,,,82,30,51+2,80+2,34,76,75,47,71+4,79,79,85,86,77+4,82,62,80-1,87,79+12,36+10,83,82+4,58,57,45,,78+1,78+2,81+2,13,13,15,9,15,
93,Azpilicueta,César Azpilicueta,24,178,75,Spain,Chelsea,79,82,Right,2,3,3,Medium/Medium,Normal,,LB,,2012-08-24,RB,79.0,56.0,73.0,80.0,76.0,,,,,,,Long Throw-in,78,46,67+3,79,54,70,66,58,74,75-1,79,79+1,75-2,83,73,68,74,84+1,72,60,76,81+1,64,68,66,,79+2,84,81+2,13,9,10,6,5,21.66
94,P. Aubameyang,Pierre-Emerick Aubameyang,25,187,77,Gabon,Borussia Dortmund,79,82,Right,2,3,3,Medium/Low,Lean,#Speedster,SUB,,2013-07-04,,95.0,79.0,78.0,38.0,68.0,,,,,,,Speed Dribbler (CPU AI Only),78,84-1,78,74-1,75-3,80-1,81,75-1,66-3,76-3,96,95,81,81-1,66-1,77-2,75,76-5,72,73-1,45-8,38,83-2,76,74,,36,26,38,6,9,15,9,9,19.38
95,R. Nainggolan,Radja Nainggolan,26,176,65,Belgium,Roma,79,81,Right,2,3,3,High/High,Normal,#Engine,LCM,,2014-01-07,SUB,80.0,71.0,80.0,76.0,80.0,,,,,,,Long Shot Taker (CPU AI Only),73-1,63-1,59-1,80-1,71-1,79-1,73-1,68-1,76-1,82-1,82,78,79-1,80-1,84,83-1,76,90,73+1,76,85-1,79-1,78-1,74-1,63-1,,71-1,81-1,84-1,11-1,11-1,14-1,8-1,11-1,20.9
96,M. Depay,Memphis Depay,20,176,78,Netherlands,PSV,78,88,Right,2,2,5,High/Medium,Normal,"#Speedster, #Dribbler",LW,,2011-08-01,SUB,91.0,71.0,84.0,28.0,75.0,,,,,,,"Power Free-Kick, Avoids Using Weaker Foot, Selfish, Flair, Long Shot Taker (CPU AI Only), Technical Dribbler (CPU AI Only)",65+2,64-4,54+13,73+6,74+7,86+4,78-1,80,68+12,82+4,92+3,90-3,82,81+5,86+8,86,79,82+8,74,72-11,66+6,21,78+10,75,68-1,,24,31,20,8,14,6,12,10,9.69
97,A. Oxlade-Chamberlain,Alex Oxlade-Chamberlain,20,175,70,England,Arsenal,78,86,Right,2,4,4,High/Medium,Normal,,SUB,,2011-08-08,SUB,89.0,71.0,84.0,41.0,72.0,,,,,,,"Flair, Long Shot Taker (CPU AI Only), Speed Dribbler (CPU AI Only), Technical Dribbler (CPU AI Only)",72,69,33,76,58,85,66,52,69,82,89-1,89,84,74,88,74,65,75,73,76,65,40,73,70,68,,36,47,43,15,8,5,8,8,19.38
98,R. Barkley,Ross Barkley,20,189,76,England,Everton,78,86,Right,2,5,3,Medium/Medium,Normal,,SUB,,2010-12-08,SUB,80.0,71.0,81.0,55.0,74.0,,,,,,,"Dives Into Tackles (CPU AI Only), Long Shot Taker (CPU AI Only), Speed Dribbler (CPU AI Only), Playmaker (CPU AI Only)",62,69+2,64,83,60,84+3,53,55,76,83+1,82,79,70,76,56,77+2,63,74,76+3,75+1,72,44,70,80+2,57,,55,59,51,8,13,11,5,9,14.82
99,Marquinhos,Marquinhos,20,183,75,Brazil,Paris Saint-Germain,78,86,Right,2,3,2,Medium/Medium,Lean,,SUB,,2013-07-19,SUB,79.0,36.0,63.0,80.0,74.0,,,,,,,,50,33,76,69,31,55,40,32,70,72,78,79,70,77,65,53,83,75,70+10,31,80+2,80,27,42,31,,80-4,80-3,84,6,6,12,10,13,28.5
100,William Carvalho,William Carvalho,22,187,87,Portugal,Sporting CP,78,85,Right,2,3,3,Medium/High,Normal,#Strength,CDM,,2011-01-01,CDM,59.0,60.0,71.0,80.0,84.0,,,,,,,"Finesse Shot, Power Header",61,52,77,78+1,62-4,75,69+2,45,75+1,75,53-7,64-4,49-15,76-2,46-8,71,70-6,81-2,88-2,63,82+2,83,66,68,62,,77+1,83+1,75,6,6,5,14,14,17.1
101,E. Lamela,Erik Lamela,22,183,70,Argentina,Tottenham Hotspur,78,84,Left,2,3,4,High/Medium,Lean,,RM,,2013-08-30,,81.0,80.0,83.0,28.0,60.0,,,,,,,"Finesse Shot, Flair, Technical Dribbler (CPU AI Only)",74,82,70,80,79,86-2,82,78,70,82-3,84+3,79-2,79-4,75+2,71,79,64,69+2,57+2,81,55,25,76-2,78+4,74,,25,20,25,9,14,10,7,12,27.36
102,G. Wijnaldum,Georginio Wijnaldum,23,175,74,Netherlands,PSV,78,83,Right,2,4,4,High/Medium,Normal,,RCM,,2011-07-01,RCM,83.0,73.0,84.0,63.0,72.0,,,,,,,"Flair, Team Player, Technical Dribbler (CPU AI Only)",65+3,75,71+1,75,72,85,75,70,59,83,80-6,85-1,83-1,79+5,80-2,76,82,86+10,68,67,60+11,72+24,77-1,75,73,,63+21,59+16,53+14,15,5,13,11,5,9.69
103,J. Henderson,Jordan Henderson,24,182,67,England,Liverpool,78,83,Right,2,3,3,High/High,Normal,#Engine,RDM,,2011-06-09,RCM,75.0,68.0,75.0,70.0,76.0,,,,,,,,66,64,65,83,72,74,67,71,80,77-1,76,75,74,77,71,75,80,91,71+2,68,71,74,74,75,58,,64,75+2,68+4,6,12,6,8,12,18.81
104,I. Perišić,Ivan Perisic,25,187,81,Croatia,VfL Wolfsburg,78,82,Right,2,5,4,Medium/Medium,Lean,,SUB,,2013-01-06,,80.0,80.0,77.0,42.0,74.0,,,,,,,"Finesse Shot, Flair, Speed Dribbler (CPU AI Only), Power Header",79+1,78,81,77,85,78,76,76,74,77,83,78,75-1,79,67,83,82,77+2,75,81,65+1,52,79+2,75,73,,26,41,36,6,7,10,9,6,7.98
105,T. Alderweireld,Toby Alderweireld,25,187,80,Belgium,Southampton,78,82,Right,2,3,2,Medium/Medium,Normal,,LCB,Atlético Madrid,,RB,64.0,58.0,62.0,79.0,79.0,,,,,,,"Long Passer (CPU AI Only), Long Shot Taker (CPU AI Only)",58,44,77,76+2,37,59,54,64,77,67,61,66+3,57-1,77,49,85,78,74,81,67,78,78,55,43-20,59,,79,80,77,15,5,13,15,13,11.4
106,S. de Vrij,Stefan de Vrij,22,188,78,Netherlands,Lazio,78,82,Right,3,4,2,Medium/Medium,Normal,,RCB,,2014-07-30,RCB,66.0,47.0,67.0,79.0,75.0,,,,,,,Long Passer (CPU AI Only),54,35,74+5,71+1,32,64,45,21,73+2,73,65,67+1,68,77+1,56,65,78-2,72-2,77,60+1,74+3,81+2,37,61,46,,80+3,79+2,77+1,8-1,10-1,7-1,14-1,13-1,9.12
107,M. Ginter,Matthias Ginter,20,189,87,Germany,Borussia Dortmund,77,85,Right,2,3,2,Medium/Medium,Lean,,SUB,,2014-07-17,SUB,62.0,57.0,65.0,80.0,76.0,,,,,,,,47-3,50-5,76,73,53-1,62,55-1,42,68+1,71,59+2,65+1,60,79+3,58,69,69,74,81,62,67-3,80+1,56-3,65,61-2,,78+1,83+1,77+3,11,9,5,7,9,12.54
108,Sergio Canales,Sergio Canales,23,179,65,Spain,Real Sociedad,77,84,Left,2,3,4,High/Medium,Lean,,CAM,,2014-01-31,,69.0,70.0,80.0,29.0,52.0,,,,,,,Injury Prone,70,76,37,87+2,63,81,81,80,71,82,73-2,65-4,78-1,65,70,58,46,54-1,51,69,54,45,76,79,65,,25,22,25,14,11,15,12,11,5.7
109,Danilo,Danilo,22,184,76,Brazil,FC Porto,77,84,Right,2,4,3,High/Medium,Lean,,RB,,2011-12-01,RB,80.0,74.0,77.0,76.0,76.0,,,,,,,"Long Shot Taker (CPU AI Only), Speed Dribbler (CPU AI Only)",79,67,70,78,63,78,74,75,76,79,78-3,82-4,77-3,79,62,85,77,78,76,82,74,79,78,72,72,,74,77,78,14,5,15,14,5,15.96
110,F. Thauvin,Florian Thauvin,21,179,70,France,Olympique de Marseille,77,84,Left,1,3,4,High/Medium,Normal,,RM,,2013-09-02,,83.0,73.0,79.0,32.0,63.0,,,,,,,"Long Shot Taker (CPU AI Only), Power Header",75,74,65,77,63,81,73,53,74,76,85,81,82,81,70,75,59,68-2,64,73,55,27,73,75,56,,28,28,30,7,10,13,9,8,15.96
111,Rafa,Rafa Silva,21,170,63,Portugal,SC Braga,77,84,Right,1,4,4,High/Medium,Lean,#Acrobat,LW,,2013-07-01,,89.0,67.0,81.0,34.0,44.0,,,,,,,"Selfish, Technical Dribbler (CPU AI Only)",70,69,60,72,61+8,82,74,55,64,77+1,86,91+1,87,80,88,70,65,68+3,30-18,63+2,43,32,73,72,58,,22,37,35,8,10,10,11,7,5.985
112,K. Kampl,Kevin Kampl,23,180,64,Slovenia,FC Red Bull Salzburg,77,82,Right,1,4,4,High/Medium,Lean,"#Dribbler, #Acrobat",RM,,2012-08-31,LW,84.0,60.0,86.0,40.0,61.0,,,,,,,"Playmaker (CPU AI Only), Technical Dribbler (CPU AI Only)",61-4,57,31,75+5,54,86+1,73+2,64,70+2,85+2,86+2,83+1,92+1,73+2,84,64,70+6,75+2,53+6,61+3,59,51+3,77+9,81+3,60,,33,42,40,12,10,6,5,15,10.26
113,J. Oblak,Jan Oblak,21,188,77,Slovenia,Atlético Madrid,77,82,Right,1,3,1,Medium/Medium,Normal,,SUB,,2014-07-17,SUB,,,,,,74.0,83.0,67.0,77.0,52.0,79.0,"Puncher, GK Long Throw",25,25,25,28,25,25,25,25,25,26,43,60,67,74,49,25,76,41,78,25,43,25,25,25,25,,25,25,25,74,83,67,79,77,10.64
114,Y. Brahimi,Yacine Brahimi,24,175,66,Algeria,FC Porto,77,81,Right,2,3,3,Medium/Medium,Normal,#Dribbler,RW,,2014-07-22,,77.0,61.0,85.0,39.0,58.0,,,,,,,"Flair, Technical Dribbler (CPU AI Only)",72,54-1,45-10,80+4,57,86+2,73+5,72+14,71+5,84+1,79-2,76+2,84+5,75+3,85,71,72,66,58,65,45,47,71+5,74+5,62,,27,48,29,12,15,11,6,6,6.555
115,K. Walker,Kyle Walker,24,178,74,England,Tottenham Hotspur,77,81,Right,2,2,2,High/Medium,Stocky,#Speedster,SUB,,2009-07-01,,91.0,63.0,72.0,76.0,80.0,,,,,,,"Long Throw-in, Avoids Using Weaker Foot, Speed Dribbler (CPU AI Only)",74-1,50,75,72-1,56,73-2,75,72,66,72,89-1,93,68-7,73,73,85,83,88+2,77-2,69,77,73,68+1,67,62,,74,80,81,11,5,15,14,7,20.52
116,W. Ben Yedder,Wissam Ben Yedder,23,170,68,France,Toulouse Football Club,77,81,Right,1,5,4,High/Medium,Normal,,RS,,2010-07-01,,81.0,75.0,82.0,31.0,60.0,,,,,,,"Beat Offside Trap, Flair, Speed Dribbler (CPU AI Only), Technical Dribbler (CPU AI Only)",75,80,74,79+3,72+3,81+1,75+2,76+2,62,83,83,80,84,75,79,75+5,80,74+4,57,66,45,30,77,80,73,,30,20,25,5,12,8,6,6,6.555
117,G. Sigurðsson,Gylfi Sigurdsson,24,186,78,Iceland,Swansea City,77,80,Right,2,3,3,Medium/Medium,Lean,,CAM,,2014-07-23,,68.0,80.0,73.0,51.0,66.0,,,,,,,Long Shot Taker (CPU AI Only),74,77,59,79,73,72,81,84,70,78,68,68,68,76,62,85,70,71,67,82,56,36,77,78,79,,54,52,56,12,7,9,14,11,10.26
118,M. Arnautović,Marko Arnautovic,25,192,83,Austria,Stoke City,77,79,Right,2,4,4,Medium/Low,Normal,,SUB,,2013-09-02,LM,79.0,74.0,80.0,42.0,74.0,,,,,,,"Selfish, Flair, Long Shot Taker (CPU AI Only), Technical Dribbler (CPU AI Only)",82,68,70,75,78-1,82,78+2,74,62+4,82,79-2,79-5,77,72-2,57-5,85-2,68,68,78,75-2,72+1,45,76+2,78+11,68+2,,35,42,29,13,14,9,9,14,5.985
119,D. Berardi,Domenico Berardi,19,183,70,Italy,Sassuolo,76,87,Left,1,3,3,High/Medium,Lean,,RW,Juventus,,,84.0,74.0,80.0,29.0,65.0,,,,,,,Speed Dribbler (CPU AI Only),66+2,75-3,61-3,71-1,71-3,82+4,71-3,67-3,57+1,80-2,83+1,85+1,81+3,72-6,73+3,71-3,64+9,75-5,58-2,72+2,71-3,25-3,75-3,68+2,80+2,,21-3,29-3,27-3,4-2,5-9,4-7,4-7,5-3,14.25
120,M. Icardi,Mauro Icardi,21,181,75,Argentina,Inter,76,86,Right,1,3,2,High/Low,Normal,,RS,,2013-07-09,,79.0,75.0,71.0,30.0,69.0,,,,,,,"Finesse Shot, Power Header",32-1,81+2,75-1,63-1,68-1,68-1,57-1,44-1,39-1,74-1,79,79,76,74-1,74+2,73-1,89+4,72,74,65,49-1,25,83,59-1,68-1,,25,25,25,12-1,8-1,4-1,6-1,8-1,19.38
121,Jorginho,Jorginho,22,180,65,Italy,Napoli,76,85,Right,1,3,3,Medium/Medium,Lean,,RDM,,2014-01-18,,79.0,66.0,78.0,69.0,67.0,,,,,,,"Playmaker (CPU AI Only), Technical Dribbler (CPU AI Only)",69+1,64+1,55+1,84+1,70+1,76+1,79+1,75+1,78+1,82+1,79,79,82+1,77+1,66+3,70+1,61+2,79,58+3,61+2,76+1,75+1,73+1,82+1,83+1,,61+1,76+1,76+1,13-1,6-1,12-1,13-1,7-1,12.54
122,T. Hazard,Thorgan Hazard,21,174,69,Belgium,Borussia Mönchengladbach,76,84,Right,1,3,3,High/Medium,Normal,,SUB,Chelsea,,,73.0,73.0,76.0,32.0,63.0,,,,,,,"Long Shot Taker (CPU AI Only), Technical Dribbler (CPU AI Only)",75,72,37,76,74,76,73,72,75,77,71,75,77,76,76,73,64,75,57-1,76,61,38,75,81,72,,27,33,31,5,8,6,6,7,11.4
123,I. Gueye,Idrissa Gueye,24,174,66,Senegal,LOSC Lille,76,83,Right,1,3,2,Medium/High,Lean,,LCM,,2010-07-01,,70.0,54.0,72.0,75.0,75.0,,,,,,,,58,35,61,77,30,69,32,42,72,75,74,67-1,73+2,77,80,80,76,85,70+2,74,77,81,60,68,54,,74,78+2,72+3,7,5,7,11,12,5.7
124,G. Xhaka,Granit Xhaka,21,185,82,Switzerland,Borussia Mönchengladbach,76,83,Left,2,4,3,Medium/Medium,Normal,,LCM,,2012-07-01,CAM,49.0,62.0,74.0,65.0,73.0,,,,,,,"Long Shot Taker (CPU AI Only), Playmaker (CPU AI Only)",68,49-9,59,79,60,76,68+3,66,79+1,76-2,47-5,51,61-10,77,64-4,82,44-22,73-2,74+5,70-2,77,69,76+2,79,59,,67+2,64,61,7,8,11,7,13,11.4
125,L. Digne,Lucas Digne,20,178,74,France,Paris Saint-Germain,76,83,Left,2,3,3,High/Medium,Lean,,SUB,,2013-07-17,SUB,80.0,51.0,72.0,74.0,73.0,,,,,,,Long Throw-in,78+1,46,66+2,76+1,24,69,67,36,66,76+1,79,80,72,75+1,66,66,75,82,68,57,76+1,74+1,64,71,27,,73+1,75,77+1,5,11,8,5,12,12.825
126,Bruno Fernandes,Bruno Fernandes,19,173,65,Portugal,Udinese,76,83,Right,1,3,3,High/Medium,Lean,,SUB,,2013-07-01,,79.0,69.0,79.0,59.0,62.0,,,,,,,"Long Shot Taker (CPU AI Only), Technical Dribbler (CPU AI Only)",75+1,66-2,59-1,79-1,67-1,79-1,69+3,67-1,77+1,79-1,80-2,78,78,73,78,71-3,68,76,56+1,73-1,59-1,63+3,73-1,79-1,65+5,,52,62,60,11-1,13-1,14-1,7-1,13-1,6.555
127,A. Florenzi,Alessandro Florenzi,23,173,67,Italy,Roma,76,82,Right,1,3,3,High/High,Lean,,RW,,2010-07-01,RCM,80.0,75.0,77.0,64.0,69.0,,,,,,,,72-1,75-1,67-1,76-1,81-1,75-3,69-1,57-1,71-1,78-1,82,78,85,77-1,84,77-1,74,85+1,58,74,73-1,66-1,81+2,69-1,59-1,,60-1,65-1,63-1,8-1,7-1,9-1,10-1,9-1,14.82
128,S. Umtiti,Samuel Umtiti,20,181,75,France,Olympique Lyonnais,76,82,Left,1,3,2,High/Medium,Normal,,LCB,,2012-01-01,,74.0,54.0,63.0,77.0,77.0,,,,,,,,60,44,75,68,63+4,60-3,54,44,61+4,68,72+2,75+1,60,74,63,70+2,83-1,80,75-2,62,79+5,76+3,41,46,52,,76+2,78+2,77+1,14,9,13,11,14,9.69
129,C. Smalling,Chris Smalling,24,192,81,England,Manchester United,76,81,Right,2,3,2,Medium/Medium,Normal,,SUB,,2010-07-01,,78.0,28.0,60.0,80.0,74.0,,,,,,,Injury Prone,51,22,79,67,23,59,25,21,55,63,75,80+2,51,77,45,41,68,75,73,25,75,78,21,48,51,,79,82,78,9,14,15,14,14,13.68
130,Marc Bartra,Marc Bartra,23,183,70,Spain,FC Barcelona,76,81,Right,1,3,2,High/Medium,Lean,,SUB,,2011-07-01,SUB,70.0,45.0,63.0,80.0,69.0,,,,,,,,49,42,74,79+2,42,59,55,44,72,67-6,69+4,71+3,67,74,69,57,85,64,73,35,62,80,55,42-20,51,,80,81+5,79,9,14,12,11,7,13.68
131,H. Son,Heung-min Son,21,183,76,Korea Republic,Bayer 04 Leverkusen,76,81,Left,2,5,3,Medium/Low,Lean,,LW,,,,86.0,78.0,77.0,29.0,58.0,,,,,,,"Diver, Finesse Shot, Long Shot Taker (CPU AI Only), Speed Dribbler (CPU AI Only)",69,78,64,74,70,79,78,69,55,75,85,86,78,76,75-1,78,68-1,67,54,83,52,28,77,57,70,,25,25,22,10,12,12,5,9,15.96
132,Iago Aspas,Iago Aspas,26,176,67,Spain,Sevilla FC,76,80,Left,1,3,4,High/High,Lean,#Acrobat,SUB,Liverpool,,,82.0,74.0,81.0,30.0,59.0,,,,,,,Beat Offside Trap,69+1,78,67+1,74+3,70+1,81,83+1,75+1,64+1,79+1,86+1,78-1,92+1,81-1,78,67+4,68+1,69,52+1,71-2,62+1,35+1,80-4,74+1,73+1,,25,20-5,25,11,15,8,11,12,7.41
133,A. Lopes,Anthony Lopes,23,184,81,Portugal,Olympique Lyonnais,76,80,Left,1,2,1,Medium/Medium,Normal,,GK,,2007-01-01,SUB,,,,,,78.0,71.0,72.0,83.0,59.0,74.0,"Avoids Using Weaker Foot, Puncher",25,25,25,32,25,25,25,25,31,25,59,59,39,71,42,35,85,23,48,25,25,21,25,25,32,,25,25,25,78+2,71+1,72,74,83,4.56
134,H. Herrera,Héctor Herrera,24,183,72,Mexico,FC Porto,76,79,Right,1,4,2,High/High,Normal,#Engine,LCM,,2013-07-01,RCM,73.0,66.0,74.0,67.0,78.0,,,,,,,Long Shot Taker (CPU AI Only),68,59+6,53,75+1,63,74,70,65,75+3,76-1,72-5,74-5,67-11,79,70,73+4,64,87-3,75,75+7,80,74-2,74+7,76+2,59,,65-4,70,67,5,9,14,6,15,11.4
135,Pizzi,Pizzi,24,172,65,Portugal,SL Benfica,76,79,Right,1,4,4,Medium/Medium,Lean,,SUB,,2013-07-30,,82.0,73.0,79.0,32.0,56.0,,,,,,,"Flair, Technical Dribbler (CPU AI Only)",74-3,73+2,44,70+6,57,78-5,74-2,77,68-3,79-3,85,79,80+1,78+1,84,78,67,75,45-6,74+2,56,32+4,74-1,75+12,71,,27,31,39,14,13,8,8,14,3.42
136,L. Shaw,Luke Shaw,18,185,75,England,Manchester United,75,86,Left,2,2,2,High/Medium,Normal,,SUB,,2014-06-27,SUB,82.0,39.0,76.0,75.0,73.0,,,,,,,Avoids Using Weaker Foot,75,31,64+2,74+4,30,78,62,57,63+2,75,79-6,84-1,79,74+1,64,49,63,75,77-2,41,63,76,63,60,52,,75,78+1,76+1,9,11,12,6,6,17.48
137,M. Kovačić,Mateo Kovacic,20,181,75,Croatia,Inter,75,86,Right,1,4,4,Medium/Medium,Lean,,LCM,,2013-01-01,,81.0,64.0,83.0,45.0,62.0,,,,,,,"Playmaker (CPU AI Only), Technical Dribbler (CPU AI Only)",74-1,55-1,45-1,83-1,69-1,84-1,81-1,73-1,79-1,86-1,85,78-1,81-2,74+1,76,71-1,65,75,56+1,76,60-1,49-1,69-1,82+1,58-1,,35-1,50-1,50-1,8-1,4-1,5-1,6-1,6-1,21.28
138,A. Correa,Ángel Correa,19,176,70,Argentina,San Lorenzo de Almagro,75,86,Right,1,4,4,High/Low,Lean,,RES,,2013-01-08,,86.0,69.0,82.0,46.0,58.0,,,,,,,"Flair, Technical Dribbler (CPU AI Only)",68,69,48,73,48,82,74,64,72,80,88,85-1,89+1,73,92+6,76,55,80-6,54+15,72,40,44,67,74,54,,45,50,43,12,9,8,7,15,5.7
139,D. Origi,Divock Origi,19,185,75,Belgium,LOSC Lille,75,85,Right,1,3,3,High/Medium,Lean,,LS,Liverpool,,ST,85.0,69.0,75.0,30.0,64.0,,,,,,,,68+9,71+1,63,74+3,59,77+2,53,39,58,75+1,86+3,85+1,78+2,73+5,58,73,51,60,72,66+10,51,27,74+3,70+6,54,,29,23,25,14,12,15,10,14,6.27
140,Sergi Roberto,Sergi Roberto,22,177,70,Spain,FC Barcelona,75,84,Right,1,3,3,Medium/Medium,Normal,,SUB,,2010-11-10,,68.0,66.0,74.0,53.0,73.0,,,,,,,Long Shot Taker (CPU AI Only),61,64,48,85+2,45,73+2,71,60,75,77,69,68+1,71,71,72,72+6,55-1,79+5,75+7,69,63+9,64+4,72,82,56,,47,56,49+18,13,15,10,14,9,9.12
141,M. Batshuayi,Michy Batshuayi,20,185,78,Belgium,Olympique de Marseille,75,83,Right,1,4,3,Medium/Low,Normal,,SUB,,2014-07-01,,82.0,77.0,77.0,28.0,67.0,,,,,,,Selfish,64,81-2,65,61,72,78,36,45,35,76,81,83,84,74,71,76-2,78,67,70,73,58,22,72,56,66,,25,25,21,8,9,15,6,14,9.12
142,André Gomes,André Gomes,20,188,83,Portugal,Valencia CF,75,83,Right,1,4,2,Medium/Medium,Normal,,CM,SL Benfica,,SUB,59.0,68.0,73.0,68.0,78.0,,,,,,,,53+1,65+1,70+1,81+3,57+1,74+1,69+1,67+1,76+1,78+1,55,63+1,62+1,73+1,50+1,78+1,51+1,74+1,82+1,71+1,78+1,72+1,69+1,74+1,54+1,,64+1,71+1,59+1,11,8,5,13,7,12.16
143,D. Klaassen,Davy Klaassen,21,185,77,Netherlands,Ajax,75,82,Right,1,3,2,High/High,Normal,,RCM,,2009-07-01,,74.0,75.0,72.0,62.0,76.0,,,,,,,Finesse Shot,56-7,77+9,74+2,74+1,73+2,69-1,57-3,42,72+5,79-1,76-1,72-2,69-1,76-1,60-2,78+3,70,79+2,75,70+5,75,64,79,72+2,69+2,,57+7,65+3,54,11,5,12,15,9,4.56
144,F. Ghoulam,Faouzi Ghoulam,23,188,80,Algeria,Napoli,75,81,Left,1,4,2,High/Medium,Lean,,SUB,,2014-01-31,,82.0,63.0,73.0,73.0,76.0,,,,,,,"Power Free-Kick, Early Crosser, Giant Throw-in",81+1,53+1,70+1,73+1,51+1,73+1,72+1,69+1,66+1,76+1,79+1,85+3,67+2,72+1,62+2,80+1,73+2,80+2,75+2,69+2,74+1,72+1,51+1,67+1,77+1,,72+1,75+1,78+1,11-1,6-1,7-1,7-1,12-1,5.7
145,M. Sissoko,Moussa Sissoko,24,187,83,France,Newcastle United,75,80,Right,3,2,2,High/Medium,Normal,#Strength,RCM,,2013-01-25,RM,77.0,73.0,75.0,71.0,85.0,,,,,,,"Power Free-Kick, Speed Dribbler (CPU AI Only)",66,71,69,76,66,78,66,73,69,74,78-4,77,72,78,58,84,74,92,86,70,76,75,75,67,67,,68,73,71,13,7,10,9,7,12.54
146,G. Kondogbia,Geoffrey Kondogbia,21,188,80,France,AS Monaco,75,80,Left,1,2,2,Medium/Medium,Normal,#Strength,LCM,,2013-08-30,,66.0,55.0,68.0,71.0,84.0,,,,,,,,53,45,66,79,45,71,62,59,75,75,66-8,66,43,68,53,82,75,84,91,53,68,78,58,70,44,,57,82,74,14,9,9,7,9,17.955
147,V. van Dijk,Virgil van Dijk,22,193,84,Netherlands,Celtic,75,79,Right,1,3,2,Medium/Medium,Stocky,#Strength,LCB,,2013-07-01,,70.0,58.0,68.0,75.0,82.0,,,,,,,"Long Passer (CPU AI Only), Long Shot Taker (CPU AI Only), Power Header",52,52-1,73+1,68+1,42,71,59,72,73,69+1,68,72+2,55,68+1,52,74,72+1,72,92+1,63,73+1,77+2,40,42,63,,74+1,76+1,70+1,12,9,12,10,10,5.13
148,K. Zouma,Kurt Zouma,19,187,85,France,Chelsea,74,84,Right,1,3,2,Medium/Medium,Stocky,,SUB,,2014-01-31,,74.0,49.0,54.0,74.0,79.0,,,,,,,Power Header,53,46,76,61,46,47,58,59,55,66,69+1,78+6,48-9,70,52,55,84,72,85,48,73,72,52,56,60,,73,75,72,13,13,6,8,14,10.45
149,Suso,Suso,20,178,72,Spain,Liverpool,74,83,Left,1,3,4,Medium/Low,Lean,,SUB,,2010-11-01,,76.0,62.0,83.0,27.0,44.0,,,,,,,"Avoids Using Weaker Foot, Flair, Technical Dribbler (CPU AI Only)",69,62,51,73-1,54,85-2,82,73-2,68,83,78,74,87,58,84,52,41,55,44,73,30,23,64,81,63,,25,26,22,14,14,8,7,8,6.27
150,E. Can,Emre Can,20,184,82,Germany,Liverpool,74,83,Right,1,4,4,Medium/Medium,Normal,,RES,,2014-07-03,,79.0,63.0,77.0,67.0,76.0,,,,,,,Flair,70+1,54+3,62,77+1,60,78,65+6,60+3,74,76-1,78,79-2,75,75+1,71+3,77+2,58+3,74+5,78+1,69,79+4,69+1,67+2,73+4,59,,62-3,72-1,65+1,13,7,7,12,10,11.115
151,A. Rüdiger,Antonio Rüdiger,21,190,85,Germany,VfB Stuttgart,74,82,Right,1,3,2,Medium/Medium,Normal,,LCB,,2011-12-17,SUB,80.0,40.0,63.0,73.0,77.0,,,,,,,,60,26,75+2,69+2,33,60,33,55,64,69+2,76+8,83+5,68+1,71,44,73,72,68+1,79,42,84,69+1,32,45,45,,74+2,75+1,71+2,13,14,9,11,7,8.74
152,H. Ziyech,Hakim Ziyech,21,180,70,Netherlands,FC Twente,74,82,Left,1,3,3,High/Medium,Lean,,CAM,,2014-08-18,,73.0,73.0,74.0,42.0,57.0,,,,,,,"Flair, Long Passer (CPU AI Only), Long Shot Taker (CPU AI Only), Playmaker (CPU AI Only)",59-16,70+8,52-1,72-2,74+11,72-1,86,77+2,74-1,77+1,74,73+4,83-2,73-1,66,83+6,65,73+4,47+5,75-5,62,45+10,57+3,86+4,66+8,,39-13,43,35-10,10,6,10,7,13,4.275
153,S. Mané,Sadio Mané,22,175,75,Senegal,Southampton,74,80,Right,1,3,4,High/Medium,Normal,#Speedster,SUB,,2014-09-01,,90.0,70.0,78.0,34.0,61.0,,,,,,,"Selfish, Speed Dribbler (CPU AI Only), Technical Dribbler (CPU AI Only)",67,73+1,52,72+1,65,79-1,73+2,63,66,73+2,90+1,90+2,88+2,70+5,83,71+2,58,65,60-5,65,60,28,76+8,68,62,,32,32,37,9,9,14,6,13,9.975
154,D. Zapata,Duván Zapata,23,186,80,Colombia,Napoli,74,80,Right,1,4,2,Medium/Medium,Normal,,SUB,,2013-08-26,,72.0,75.0,71.0,42.0,69.0,,,,,,,,43,74,77,58,80,76,45,68-3,35,61,72-1,72+1,73+1,74,71+1,77,81+1,69,79+1,71+1,41,25,73,46,84,,40,43,41,8-1,8-1,7-1,5-1,7-1,7.41
155,S. N'Zonzi,Steven Nzonzi,25,190,75,France,Stoke City,74,79,Right,2,3,3,Medium/Medium,Lean,,LDM,,2012-08-01,,71.0,56.0,72.0,77.0,82.0,,,,,,,Injury Free,57,45,78+5,82,49,70,43,41,76,78+1,69,72,65,73,61,74,64,79,83+2,62-11,86,81,65+6,68,56,,77,77,70,6,15,15,15,12,6.84
156,D. Rose,Danny Rose,23,173,72,England,Tottenham Hotspur,74,78,Left,2,3,3,High/Medium,Normal,,LB,,2007-07-01,,83.0,58.0,74.0,73.0,73.0,,,,,,,Flair,75,51,59+5,69-4,63,75,58+2,48,64-4,75+1,82+2,84,67-6,69,82,67+2,70,76,71,62+3,75+6,74+1,59-10,68,56,,73,75,77,9,10,7,12,12,7.98
157,D. Rose,Danny Rose,20,173,62,England,Bury,60,65,Right,1,3,2,High/Low,Lean,,LS,,2014-08-18,,77.0,64.0,64.0,26.0,50.0,,,,,,,,38,66,37,35,55,64,48,38,31,56,80+1,75,81,59,76,65,37,66,47,63,42,25,58,62,56,,25,25,25,14,12,7,15,7,7.98
158,D. Rose,Danny Rose,26,170,66,England,Oxford United,60,62,Left,1,3,3,High/Medium,Normal,,SUB,,2013-06-13,,63.0,59.0,61.0,52.0,60.0,,,,,,,Avoids Using Weaker Foot,57,58,50,62,52,57,65,62,60,60,65,62,75,62+10,81,61,74+16,70,57+12,59,50+10,58+4,59,61+5,61,,50+5,52+10,46,7,15,9,9,6,7.98
159,Allan,Allan Saint-Maximin,23,173,73,Brazil,Udinese,74,77,Right,1,3,2,Medium/High,Normal,,CDM,,2012-07-01,,76.0,56.0,72.0,73.0,75.0,,,,,,,,67-1,49+1,57-1,74-2,55-1,69+1,63-1,47-2,71-1,73-1,79+3,73-1,76+4,75-1,80,69-1,68,83-1,68,60-6,83-1,79-1,59-1,69-1,51,,69-1,77-1,75-1,12-1,12-1,4-1,4-1,7-1,0.7125
160,A. Saint-Maximin,Allan Saint-Maximin,17,173,67,France,AS Saint-Étienne,63,80,Right,1,3,3,Medium/Medium,Lean,,SUB,,2013-07-01,,80.0,54.0,70.0,26.0,43.0,,,,,,,"Selfish, Technical Dribbler (CPU AI Only)",48,58+1,52+2,59+6,56,71+2,45,32,51+7,69+7,79-3,81+2,75,60,74,52,58+3,50-8,42,46,32,25,56+3,55,46,,22,25,21,9,8,11,6,6,0.7125
161,R. Jiménez,Raúl Jiménez,23,186,77,Mexico,Atlético Madrid,74,77,Right,1,4,3,High/Medium,Lean,,RS,,2014-08-13,,79.0,72.0,72.0,33.0,78.0,,,,,,,"Beat Offside Trap, Flair, Power Header",68+7,74+3,81+1,70-1,76+3,71,69+5,44-1,66+9,73+3,78+3,79,78-1,73-1,71-1,72-1,70-9,79-2,82+2,62-5,69-1,32-1,74-1,71-1,83+1,,22-1,31-1,27-1,6,10,12,13,9,7.41
162,M. Sanson,Morgan Sanson,19,182,70,France,Montpellier HSC,74,77,Right,1,4,3,Medium/Medium,Normal,,CAM,,2013-07-01,,69.0,62.0,74.0,71.0,67.0,,,,,,,,65+4,60-5,47+1,74+3,63+13,75+1,64+9,69+7,71+4,73+1,73-1,66-5,76,72+3,65,64+4,52+1,74+2,64,66,70+6,75+6,71,80,51+5,,72,77,62,5,15,15,8,8,2.7567
163,Y. Tielemans,Youri Tielemans,17,176,72,Belgium,RSC Anderlecht,73,88,Right,1,5,3,Medium/Medium,Normal,,LCM,,2013-07-01,,72.0,64.0,75.0,63.0,62.0,,,,,,,Flair,73+2,58+2,56+5,76+4,66+3,76+2,71+3,74,78+2,75+2,73,71+2,74,73+4,78,68+5,69+3,74+6,56,70+4,60+7,66+5,63+5,74+4,73+5,,58+10,68+10,66+10,5,7,9,13,11,10.83
164,L. Goretzka,Leon Goretzka,19,189,79,Germany,FC Schalke 04,73,85,Right,1,3,3,Medium/Medium,Lean,,RES,,2013-07-02,,80.0,64.0,75.0,66.0,69.0,,,,,,,"Flair, Speed Dribbler (CPU AI Only)",68+5,63+10,72,74,61,75+4,64,64,67,75+1,77+2,82+4,76+7,72+2,72,68,67,76,67-5,66+4,67,74+2,74+1,68,50,,62+2,66+1,60+5,12,7,14,10,8,8.55
165,J. Stones,John Stones,20,188,75,England,Everton,73,83,Right,1,2,2,High/Medium,Lean,,RCB,,2013-01-30,RB,72.0,37.0,65.0,75.0,73.0,,,,,,,Dives Into Tackles (CPU AI Only),59,30,72+2,72+4,28,59+8,25,28,60+2,72+4,70+2,73+7,68,68+5,69-3,47,69+4,76,73+5,42,69+5,72+5,47,58,36+3,,75+4,77+4,76+5,6,14,10,9,7,6.27
166,A. Rabiot,Adrien Rabiot,19,188,71,France,Paris Saint-Germain,73,83,Left,1,3,2,High/Medium,Lean,,SUB,,2012-07-01,,66.0,55.0,70.0,65.0,76.0,,,,,,,,65,41,69,79,40,68,66,56,77,76,68,65,72,73,53,74,76,77,77,69,73,72,56,75,67,,55,69,65,8,11,8,6,14,4.56
167,D. Praet,Dennis Praet,20,174,65,Belgium,RSC Anderlecht,73,82,Right,1,4,3,Medium/Medium,Lean,,CAM,,2011-07-01,,70.0,62.0,75.0,45.0,57.0,,,,,,,Playmaker (CPU AI Only),69+2,57,42,75,65+2,74+2,62,67,72+1,75-1,71-1,70-1,75-2,75,77,70,64,75+13,53+3,67+5,42,62,67,77-1,51,,37,42+6,47+8,5,5,9,13,9,8.36
168,E. Dier,Eric Dier,20,191,86,England,Tottenham Hotspur,73,82,Right,1,3,2,Medium/High,Normal,#Strength,RB,,2014-08-02,,66.0,58.0,57.0,72.0,80.0,,,,,,,Power Header,58,43,76-1,71+2,51,58,53,76,75,62,57+7,74+22,39-11,66,40-13,82-1,66-4,70-3,87+1,70,78,72,52,60-3,69,,70,75,67,10,13,5,12,8,4.845
169,Felipe Anderson,Felipe Anderson,21,178,69,Brazil,Lazio,73,81,Right,1,3,3,High/Low,Lean,,SUB,,2013-07-09,,82.0,63.0,79.0,24.0,48.0,,,,,,,Technical Dribbler (CPU AI Only),69-3,56-1,43-1,75-1,51-1,79+2,75-1,74-1,67-1,79+2,84+1,80+1,84,64-1,77,74-1,49,62,48,73,30-1,25-1,61-4,67-3,54-1,,21-1,21-1,21-1,11-1,9-1,8-1,4-1,6-1,7.98
170,N. Redmond,Nathan Redmond,20,173,75,England,Norwich City,73,80,Right,1,3,4,High/Medium,Lean,#Acrobat,RM,,2013-07-04,,87.0,66.0,77.0,27.0,50.0,,,,,,,"Flair, Long Shot Taker (CPU AI Only), Speed Dribbler (CPU AI Only)",71,65,32,69,37,77,66,54,62,75,90+1,84,90+5,62,84,70,64,75-1,41,72-1,37,21,68,69,59,,25,32+7,29+4,11,13,15,5,9,3.99
171,D. Redmond,Nathan Redmond,23,175,67,England,Hamilton Academical FC,62,69,Left,1,3,3,Medium/Medium,Normal,,LAM,,2014-07-01,,70.0,58.0,67.0,49.0,55.0,,,,,,,Technical Dribbler (CPU AI Only),64+1,57,54,66,47,67-1,66,67,59,67-2,67+1,72+1,73+1,56,64+1,56,48+1,55-1,57+4,65,50,61,58,54,64,,46,46,35,10,9,9,9,14,3.99
172,S. Kolašinac,Sead Kolasinac,21,183,85,Bosnia Herzegovina,FC Schalke 04,73,80,Left,1,3,2,Medium/High,Stocky,#Strength,RES,,2012-07-01,,81.0,47.0,64.0,73.0,83.0,,,,,,,"Avoids Using Weaker Foot, Early Crosser",65,30,64+4,67,30,62+2,44,24,58,66+2,76-1,85,63-1,76+3,55-12,81+5,74+1,77,86+2,52+3,83+2,73,56,58,43,,70,78+3,73,14,8,15,6,8,5.89
173,B. Davies,Ben Davies,21,181,76,Wales,Tottenham Hotspur,73,79,Left,1,3,2,High/High,Normal,,RES,,2014-07-23,LB,81.0,49.0,71.0,73.0,70.0,,,,,,,,72,50,62,73,36,70,60,47,66,73,82,81,74,69+2,72,52,72,83,68,42,60,71+2,62,62,53,,75,76,74,10,6,5,6,13,8.835
174,B. Davies,Ben Davies,33,170,67,England,Sheffield United,65,65,Right,1,4,2,Medium/Medium,Normal,,RM,,2014-06-09,,59.0,66.0,67.0,57.0,68.0,,,,,,,Long Shot Taker (CPU AI Only),72,66,50,64,69,66,75,70,57,68,66,54-13,63,59,81,63,83,74,70,70,53,57,63,70,68,,53,64,59,9,14,5,8,7,8.835
175,B. Davies,Ben Davies,18,185,74,England,Preston North End,59,69,Left,1,2,2,High/Medium,Lean,,RES,,2013-01-01,,70.0,38.0,52.0,60.0,63.0,,,,,,,,59+5,35+7,59,59+2,42+17,47+11,43+19,39+11,61+8,57+7,73,67+4,62,51+5,61,41+10,70,72+1,65+2,38+10,46,55,32,29+3,47+5,,63+8,63+5,55,5,14,9,14,5,8.835
176,J. Correa,Joaquín Correa,19,188,76,Argentina,Estudiantes de La Plata,73,79,Right,1,3,4,Medium/Medium,Lean,,LM,,2012-01-01,,80.0,57.0,74.0,40.0,71.0,,,,,,,"Flair, Playmaker (CPU AI Only), Technical Dribbler (CPU AI Only)",70+4,48,54,71+4,64+2,75+5,65+9,64+10,68+2,74+5,78+3,81+4,79+2,68+8,63-16,65+4,59,81+6,72+16,64+7,58,44+8,67+13,71+6,53,,29-15,43-10,38-17,10,9,6,7,7,
177,Y. Ferreira Carrasco,Yannick Carrasco,20,180,66,Belgium,AS Monaco,73,78,Right,1,3,3,Medium/Medium,Lean,#Acrobat,SUB,,2012-07-01,,77.0,70.0,76.0,28.0,56.0,,,,,,,Speed Dribbler (CPU AI Only),74,67,52,74,60,74,72,76,70,75,79-4,76,91,74-4,67,77,65,67,57,72,35,25,59,68,73,,25,25,25,8,10,8,9,9,5.985
178,Alex Telles,Alex Telles,21,181,71,Brazil,Galatasaray SK,72,84,Left,1,2,3,High/Low,Lean,,RES,,2014-01-30,,84.0,68.0,77.0,68.0,70.0,,,,,,,"Flair, Speed Dribbler (CPU AI Only)",81,61+1,65,74,66,78,77,76,64,75,85,83,83,78-2,66,78+3,81+22,83+3,63,74+2,66+5,69-7,71+2,63,69,,69-4,69-4,67-3,12,7,11,10,13,7.41
179,J. Veretout,Jordan Veretout,21,177,67,France,FC Nantes,72,82,Right,1,3,3,Medium/High,Lean,,CAM,,2010-07-01,,64.0,67.0,70.0,62.0,68.0,,,,,,,,58,63,52,75,68,66+3,61,64,73+1,74+2,66,63,71,75+1,70,71,53-3,69,70,73,64,68+2,68,73,68,,58,67,60,8,9,10,7,8,5.415
180,S. Vrsaljko,Sime Vrsaljko,22,183,75,Croatia,Sassuolo,72,82,Right,1,3,2,Medium/Medium,Normal,,RB,,2014-07-22,,81.0,50.0,72.0,68.0,71.0,,,,,,,Dives Into Tackles (CPU AI Only),75-1,36+5,69-1,70-1,45+15,70,63-1,50-1,64-1,73+1,79-3,83,78,68-1,74,72-1,87,86+1,61,55+5,74-1,69-1,64-1,67-1,50-1,,67-1,68,66,14-1,10-1,9-1,9-1,11-1,8.55
181,Luis Alberto,Luis Alberto,21,182,72,Spain,Málaga CF,72,81,Right,1,4,3,Medium/Low,Lean,,CAM,Liverpool,,,68.0,70.0,75.0,26.0,56.0,,,,,,,Long Passer (CPU AI Only),63,74,44,81+2,57,75,65,52,77,80,69-2,67-1,69-1,70,55-1,64,48,69,61+1,73,28,27,74,73,55,,23,24,25,5,7,5,11,10,6.27
182,W. Zaha,Wilfried Zaha,21,180,66,England,Crystal Palace,72,81,Right,1,3,4,Medium/Low,Lean,,LM,Manchester United,,,85.0,67.0,81.0,29.0,67.0,,,,,,,"Selfish, Flair, Technical Dribbler (CPU AI Only)",67,72,42,60,50,82,52,50,53,81,85,85,84,70,79,67,50,78,65,59,61,22,71,59,65,,26,29,38,14,9,14,10,9,9.5
183,Danilo,Danilo Pereira,22,188,80,Portugal,Clube Sport Marítimo,72,79,Right,1,3,2,Medium/Medium,Normal,,CDM,,2013-08-01,,67.0,54.0,64.0,74.0,84.0,,,,,,,Injury Free,48,44,74,71,53,62,45,61,67+3,70+4,68,67,59,68,60,69+6,68,79,87+1,65,88+1,75,48,58+3,42,,69+2,78+3,71+1,8,6,12,13,14,1.995
184,K. Trippier,Kieran Trippier,23,179,71,England,Burnley,72,78,Right,1,4,3,High/High,Normal,,RB,,2012-01-03,,83.0,55.0,70.0,70.0,73.0,,,,,,,"Long Throw-in, Early Crosser",74,44,66,70,43,69-1,71,70,67,67-1,84,82,79,70,76,74,70,85,71,65,65,71,58,68,38,,71,70,72,10,13,7,10,9,2.905
185,Gabriel,Gabriel Paulista,23,185,72,Brazil,Villarreal CF,72,78,Right,1,2,2,High/Medium,Lean,,SUB,,2013-08-21,,71.0,50.0,61.0,77.0,66.0,,,,,,,Dives Into Tackles (CPU AI Only),72+1,40+1,66+1,68+3,47+1,60+1,54+1,45+1,68+1,59-13,68,74,65+1,74+1,57,63+1,71,64+1,68+1,56+1,63+1,82+1,53+1,59+1,54+1,,73+1,81+1,75+1,14,5,14,14,6,2.565
186,T. Meunier,Thomas Meunier,22,190,87,Belgium,Club Brugge KV,72,78,Right,1,4,2,High/High,Normal,#Engine,RB,,2011-07-01,,74.0,69.0,71.0,72.0,76.0,,,,,,,,69,68,68,72,63,74,58,55,68,73,71,76,64,73,48,73,66,86+3,76,71,68,69,71,67,64,,73,74,68,7,12,14,5,8,3.99
187,Jonny,Jonny Otto,20,175,70,Spain,RC Celta,72,78,Right,1,3,2,High/Medium,Stocky,,RB,,2012-07-01,,81.0,41.0,64.0,73.0,73.0,,,,,,,,74+2,27+1,60+2,59+3,43+1,59+1,59+1,53+1,58+1,69+2,79,83,75+1,59+1,76+1,65+1,79+1,78-3,70+2,44+1,71+1,74+1,52+1,49+1,45+1,,73+2,74+2,78+2,6,9,11,9,5,2.565
188,K. Koulibaly,Kalidou Koulibaly,23,195,89,France,Napoli,72,77,Right,1,2,2,High/Medium,Normal,#Strength,LCB,,2014-07-01,,74.0,31.0,42.0,69.0,86.0,,,,,,,Power Header,31,25,71,48,25,31,27-2,32,41,53,70-1,78,53,64,48,52,78-3,75,93,25,86,60,21,34,37,,69,73,72,6-1,10-1,6-1,12-1,4-1,5.53
189,N. Kanté,N'Golo Kanté,23,169,69,France,Stade Malherbe Caen,72,76,Right,1,3,3,Medium/Medium,Normal,,RCM,,2013-06-18,,74.0,63.0,70.0,65.0,66.0,,,,,,,,64+1,67+1,43+1,76+2,54+1,68+2,46+1,46+1,73+2,74+1,73+1,75+1,65+1,73+5,74+1,65+1,67+1,82+8,62+1,58+5,56+1,68+2,65+2,74+2,50+1,,67+1,69+1,58+1,14,11,9,6,9,1.786
190,Nacho Fernández,Nacho,24,179,75,Spain,Real Madrid,72,74,Right,1,3,2,Medium/Medium,Normal,,SUB,,2010-01-01,,76.0,31.0,53.0,75.0,75.0,,,,,,,,64+6,21,61,67+2,27,43,54,36,57,66,77+10,75+1,57-1,67+3,59,53,72,75,76,27,71+3,78,36,52+2,44,,74+5,77,75+2,11,6,9,14,6,6.27
191,I. Fernández,Nacho,24,182,78,Argentina,Gimnasia y Esgrima La Plata,66,70,Left,1,4,3,High/Medium,Lean,,RCM,,2010-10-02,,77.0,66.0,70.0,53.0,70.0,,,,,,,,63,66,36,65,59,69,57,58,66,70,75,78,82,67,63-5,71,41,73,73+5,67,68,58+6,65,68-4,56,,51-3,58+7,55,6,7,13,9,11,6.27
192,N. Süle,Niklas Süle,18,195,93,Germany,TSG 1899 Hoffenheim,71,83,Right,1,3,2,Medium/Medium,Normal,"#Aerial Threat, #Strength",RCB,,2013-05-11,,58.0,39.0,42.0,73.0,77.0,,,,,,,Dives Into Tackles (CPU AI Only),29,25,79,55,28,41+3,27,29,48,45+4,51+2,64+17,35+1,65,30,64+28,38,63+1,90+8,56+28,70,72+2,25,29,31,,69,76+1,72+2,14,6,13,6,14,5.7
193,J. Giménez,José Giménez,19,185,79,Uruguay,Atlético Madrid,71,81,Right,1,3,2,Medium/High,Normal,,SUB,,2013-07-01,RCB,68.0,44.0,46.0,73.0,76.0,,,,,,,Dives Into Tackles (CPU AI Only),46,36,67+1,56+2,29,38,35,43,57,53+2,67+3,69+1,56,54+4,55,71,79,72+5,78,47,76-7,69,23,26,37,,71,78+1,75+2,8,10,6,9,14,3.99
194,L. Paredes,Leandro Paredes,20,182,78,Argentina,Roma,71,80,Right,1,4,4,Medium/Low,Normal,,RES,Boca Juniors,,,77.0,65.0,75.0,30.0,59.0,,,,,,,"Injury Prone, Flair, Long Shot Taker (CPU AI Only), Playmaker (CPU AI Only)",68-2,54-1,44-1,72-2,64-1,74-5,75-2,74+1,71+7,76-3,78,76-2,75+1,66+11,78+12,79,61-1,69+7,59-3,77+2,44-1,24-1,63-2,70+5,58-1,,35-1,26-1,28-1,8-1,13-1,5-1,8-1,9-1,4.56
195,H. Kane,Harry Kane,20,188,65,England,Tottenham Hotspur,71,78,Right,1,3,3,Medium/Medium,Normal,,SUB,,2010-07-01,,71.0,71.0,71.0,29.0,66.0,,,,,,,Finesse Shot,57,72+4,67+8,68+2,63,70+2,66,49,52+9,74+1,68,73,66-7,68,71,74+1,66,70+2,67+4,69,60,31,73+4,69,68,,22,24,25,7,9,10,13,10,3.42
196,Anderson Talisca,Talisca,20,188,74,Brazil,SL Benfica,71,77,Left,1,3,3,Medium/Medium,Lean,,RS,,2014-07-08,,71.0,68.0,71.0,50.0,67.0,,,,,,,Long Shot Taker (CPU AI Only),65,64+4,56,75,61+5,72,67,78,72,73,70,72,72-2,68,51,76,35,73,68,73,67,46,63-1,74,68,,43,56,57,12,10,12,11,9,4.56
197,J. Brandt,Julian Brandt,18,185,82,Germany,Bayer 04 Leverkusen,70,86,Right,1,4,4,Medium/Medium,Lean,,SUB,,2014-01-01,,79.0,61.0,74.0,27.0,56.0,,,,,,,Flair,66,61+4,41+5,73+3,59+4,75+2,60+5,51+2,60+3,74+3,83,76,79+2,64+5,73+4,70+2,63,57+4,60+2,56+3,41+6,28,63+5,62,53+7,,24,25,23,10,15,10,7,8,2.47
198,T. Werner,Timo Werner,18,180,75,Germany,VfB Stuttgart,70,85,Right,1,4,3,Medium/Medium,Normal,#Speedster,SUB,,2013-08-01,,90.0,67.0,74.0,28.0,56.0,,,,,,,Speed Dribbler (CPU AI Only),64+3,70-1,54,69+1,67,74,58+4,30,54+4,74+1,90+2,90+1,78-1,68+1,76,65,66,67,54+2,63+1,45,23,70+1,59,62,,25,25,25,8,8,7,14,8,13.68
199,P. Dybala,Paulo Dybala,20,177,69,Argentina,Palermo,70,83,Left,1,2,4,High/Low,Lean,#Acrobat,ST,,2012-07-01,,86.0,69.0,75.0,34.0,52.0,,,,,,,"Finesse Shot, Speed Dribbler (CPU AI Only)",65-1,68-1,62-1,69-1,74-1,74-1,73-1,71-1,66-1,74-1,90,82+1,90,62-1,79+1,66-1,63,70-1,39,71,59-1,34-1,68-1,60-1,68-1,,26-1,33-1,35-1,8-1,10-1,8-1,9-1,10-1,6.27
200,S. Gnabry,Serge Gnabry,18,173,73,Germany,Arsenal,70,82,Right,1,3,3,Medium/Medium,Normal,,RES,,2012-07-31,,85.0,59.0,74.0,42.0,63.0,,,,,,,"Flair, Technical Dribbler (CPU AI Only)",67,57,46,69,44,75,53,37,61,73,85-2,85,79,59,80-1,64,64,62,66,58,57,36,64,65,65,,42,45,44,13,9,9,8,6,4.56
201,João Cancelo,João Cancelo,20,180,74,Portugal,Valencia CF,70,82,Right,1,3,2,High/Medium,Lean,,SUB,SL Benfica,,,79.0,55.0,72.0,68.0,66.0,,,,,,,Technical Dribbler (CPU AI Only),73+4,46+12,61+4,72+9,54+21,72-2,67+1,68+1,59+11,70+2,78+1,79,75+1,70+1,72+2,72-7,68+1,74+7,61+2,61+14,68-4,72+1,61-5,58+1,45+1,,65+1,71+1,69+1,5,8,14,13,13,2.28
202,B. Cristante,Bryan Cristante,19,186,78,Italy,SL Benfica,70,81,Right,1,3,2,Medium/Medium,Normal,,SUB,,2014-09-01,,62.0,55.0,70.0,63.0,71.0,,,,,,,Long Shot Taker (CPU AI Only),61-1,40-1,59-1,77+5,49-4,71+1,63-1,63-1,73+5,77+3,59+5,64+4,62+8,59+3,54,71+3,58,68,76-2,74+4,65-1,67+3,59-1,72+4,57-1,,54-1,68-1,68-1,2-1,4-1,2-1,2-1,4-1,3.99
203,R. Guerreiro,Raphaël Guerreiro,20,170,67,Portugal,FC Lorient,70,81,Left,1,3,3,High/Medium,Normal,,LB,,2013-07-01,,81.0,54.0,71.0,70.0,63.0,,,,,,,Speed Dribbler (CPU AI Only),73+3,57,54,71+6,36,70+2,56,57,65+5,71+2,80,81,76,63-3,82,53,65+2,69+1,61+4,54,59-4,69,68,64-1,36,,71+1,74+5,74+3,11,5,7,10,7,3.705
204,A. Romagnoli,Alessio Romagnoli,19,188,78,Italy,Sampdoria,70,81,Left,1,3,2,Medium/Medium,Lean,,SUB,Roma,,,66.0,40.0,54.0,71.0,73.0,,,,,,,,39-1,29-1,69+1,58-1,29-1,49-1,35-1,27-1,54-1,59-1,66+1,66+1,56+1,70-1,55,59-1,72,73+7,72,50,74,73+1,31-1,39-1,37-1,,72,70-3,70,8-1,13-1,11-1,7-1,8-1,2.68
205,B. Mendy,Benjamin Mendy,19,185,75,France,Olympique de Marseille,70,79,Left,1,3,2,High/Medium,Normal,,SUB,,2013-07-10,,79.0,28.0,54.0,68.0,73.0,,,,,,,,74,25,63,67,25,40,28,28,58,66,83,76,71,67,69,29,74,82,69,23,73,64,57,30,39,,68,72,70,6,6,8,14,8,4.56
206,N. Schulz,Nico Schulz,21,180,78,Germany,Hertha BSC,70,78,Left,1,2,2,High/Medium,Lean,,LB,,2010-07-01,,87.0,49.0,70.0,66.0,73.0,,,,,,,Speed Dribbler (CPU AI Only),65-6,43,57,70,48,70,45,41+6,64,68,88-1,87-1,76-3,65,72-2,66,58,77,73-1,40,72,64,63,64,48,,65,68,71,12,8,14,6,13,3.135
207,A. Doucouré,Abdoulaye Doucouré,21,182,69,France,Stade Rennais FC,70,78,Right,1,3,2,High/Medium,Lean,,RCM,,2011-07-25,,69.0,68.0,69.0,64.0,72.0,,,,,,,,48,71+3,65,74,62+39,71+3,28,30,67,73,69-2,69,56,62,64,70,71,74,72,69+5,69,67,57,78,44,,58,68,62,14,11,11,14,13,1.8525
208,M. Sabitzer,Marcel Sabitzer,20,177,74,Austria,FC Red Bull Salzburg,70,77,Right,1,4,3,Medium/Medium,Lean,#Speedster,LM,RB Leipzig,,SUB,90.0,67.0,75.0,27.0,66.0,,,,,,,,61+3,65+2,51-4,69+9,72+1,74+3,71+1,62,56+5,74+2,90+2,90,84+2,72+9,81,69,80+7,71+1,70+17,68-2,45+8,21,70+18,57+2,64,,25,25,25,10,12,13,14,12,2.565
209,F. Coquelin,Francis Coquelin,23,178,74,France,Arsenal,70,75,Right,2,3,3,Medium/Medium,Normal,,RES,,2008-09-23,,69.0,53.0,74.0,69.0,69.0,,,,,,,,59,44,48,77,42,72,54,40,70,76-2,71,67,76,66-4,78,70,69,76,63,58,73,70-1,63,72,51,,70,73,72,8,8,7,9,14,3.42
210,Pablo Sarabia,Pablo Sarabia,22,174,70,Spain,Getafe CF,70,75,Left,1,4,4,Medium/Medium,Lean,,RM,,2011-01-01,,78.0,64.0,77.0,27.0,48.0,,,,,,,Technical Dribbler (CPU AI Only),68,65,42,69+2,48,78,78,72,61,77,78-3,78-1,78-4,65,83,62,54,62,48+1,69,31,24,66,67,60,,25,26,27,15,6,14,5,13,3.99
211,Rúben Neves,Rúben Neves,17,180,75,Portugal,FC Porto,69,83,Right,1,3,3,Medium/Medium,Normal,,RCM,,2014-07-01,,68.0,65.0,72.0,66.0,72.0,,,,,,,,67,59,59,68,62,74,74,70,65,72,67,68,65,74,65,74,85,73,72,72,67,69,62,66,58,,64,69,63,15,11,9,7,9,2.28
212,A. Milik,Arkadiusz Milik,20,186,78,Poland,Ajax,69,81,Left,1,3,2,Medium/Medium,Lean,,SUB,Bayer 04 Leverkusen,,RS,74.0,68.0,59.0,37.0,73.0,,,,,,,,60,70,74,65,56,52,72,61,48,66,75-1,74,64,70,63,73+1,76,72+20,76+16,63,67,35,71,64,65,,32,31,34,8,15,15,14,5,
213,A. Martial,Anthony Martial,18,181,76,France,AS Monaco,69,81,Right,1,4,3,High/Medium,Normal,,SUB,,2013-06-30,,87.0,67.0,70.0,28.0,59.0,,,,,,,,37,68+4,65+3,56,64+23,68+6,43,53,41,69+5,85+2,88+3,81,67+8,70,70+4,74,55,71,61,29,25,71+12,43,68,,20,25,25,8,7,7,14,10,5.6067
214,A. Robertson,Andrew Robertson,20,178,63,Scotland,Hull City,69,81,Left,1,3,2,High/High,Lean,,LB,,2014-07-29,LB,81.0,56.0,71.0,68.0,67.0,,,,,,,Speed Dribbler (CPU AI Only),66,55+30,66,65+3,31,68+3,65+7,29,55,73+5,77-3,85+10,83+11,70+8,68,66+30,55,73+15,66+18,57+31,67,70+5,59+8,68+31,34,,67+4,70+4,65,10,7,9,6,13,2.3369999999999997
215,Bernardo Silva,Bernardo Silva,19,170,65,Portugal,AS Monaco,69,81,Left,1,3,4,High/Medium,Lean,,SUB,SL Benfica,,,82.0,58.0,76.0,33.0,48.0,,,,,,,"Flair, Playmaker (CPU AI Only), Technical Dribbler (CPU AI Only)",48,54,50,66,64,75,73,54,61,72,86,78,85,76-4,82,62,53,65,36,57,57,39+2,66,68,63,,27,33,26,8,9,13,11,8,2.85
216,Ederson,Ederson,20,188,89,Brazil,Rio Ave FC,69,77,Left,1,2,1,Medium/Medium,Normal,,SUB,,2012-01-01,,,,,,,70.0,66.0,78.0,72.0,40.0,70.0,,25,25,25,27,25,25,25,25,20,26,40,40,36,60+5,28,44,50,31+2,73,25,26,24,25,25,26,,25,25,25,70,66,78-5,70+2,72+2,1.03
217,T. Delaney,Thomas Delaney,22,182,71,Denmark,FC København,69,75,Left,1,4,3,High/Medium,Normal,,LCM,,2009-06-01,,71.0,63.0,70.0,59.0,68.0,,,,,,,Playmaker (CPU AI Only),68,60,57,70,60,68,58+7,58+18,67,73,75,67,72,72,72,75,77+5,80+1,63,62,62,67,65,70,44,,63,56,42,7,11,10,13,14,1.71
218,P. Kadeřábek,Pavel Kaderabek,22,182,81,Czech Republic,Czech Republic,69,75,Right,1,2,2,Medium/Medium,Normal,,,,,RB,75.0,57.0,69.0,67.0,73.0,,,,,,,"Avoids Using Weaker Foot, Dives Into Tackles (CPU AI Only)",75,55,59,67,56,70,37,51,68,72,72,77,58,73,65,65,64,71,77,56,70,62,48,59,53,,71,69,68,9,10,13,12,6,2.14
219,J. Corona,Jesús Corona,21,173,59,Mexico,FC Twente,69,74,Right,1,4,4,Medium/Low,Lean,#Acrobat,SUB,,2013-08-25,,78.0,62.0,77.0,45.0,34.0,,,,,,,"Selfish, Flair, Technical Dribbler (CPU AI Only)",54-10,62,50,65,64,78,71,58,64,72,78-3,78,90+4,67-1,86-5,65,51-20,31-38,30-16,60,44,38,66,67,58,,40,52,44,10,5,9,13,8,3.705
220,R. Mahrez,Riyad Mahrez,23,179,62,Algeria,Leicester City,69,74,Left,1,4,3,Medium/Medium,Lean,,RM,,2014-01-11,,83.0,63.0,74.0,27.0,55.0,,,,,,,Technical Dribbler (CPU AI Only),61+8,62,44,70+1,50,76+1,39,47,52+1,69+4,82+5,83,87,55,79-3,74-2,55,74,57+25,61,25,25,68,69,51,,25,25,25,14,8,12,10,5,1.855
221,J. Vardy,Jamie Vardy,27,178,76,England,Leicester City,69,71,Right,1,3,3,High/High,Lean,,SUB,,2012-05-01,,85.0,69.0,70.0,39.0,71.0,,,,,,,Beat Offside Trap,57,71+1,56,55+3,62,72+3,49,47,47,68+1,83+2,86+2,69+7,69,55,70-2,49,83+4,64,65+2,78,40+18,68-2,61-1,63,,37+12,38+13,27+2,14,13,6,14,10,1.995
222,J. Tah,Jonathan Tah,18,192,90,Germany,Fortuna Düsseldorf,68,83,Right,1,3,2,Medium/Medium,Normal,#Strength,SUB,Hamburger SV,,,62.0,27.0,50.0,68.0,72.0,,,,,,,,32,25,70,59,22,44,26,20,50,58,55,67,47,64,48,41,69,55,86+1,20,57,62,26,39,32,,69,71,65,10,7,6,8,13,5.985
223,Grimaldo,Alejandro Grimaldo,18,176,71,Spain,FC Barcelona B,68,82,Left,1,2,2,High/Medium,Normal,,LB,,2012-01-01,,81.0,52.0,67.0,64.0,67.0,,,,,,,,75-1,39+17,48,72+1,36,63+3,66,64+18,69+5,68,82+1,81+2,82+2,71,71,70+27,64,74+1,65+2,67+26,64,68,59+5,59+5,50,,64+9,64,70+1,6,12,9,6,12,1.995
224,F. Bernardeschi,Federico Bernardeschi,20,183,75,Italy,Fiorentina,68,81,Left,1,3,4,High/Medium,Normal,,SUB,,2011-07-01,,77.0,63.0,71.0,26.0,51.0,,,,,,,"Avoids Using Weaker Foot, Flair, Long Shot Taker (CPU AI Only)",63+1,61,46-3,64-1,55+5,72+5,68-1,65-1,60-1,72+6,75+2,78+2,67-3,67+3,61,66,44,55+8,55-1,69+1,38-1,25,65+2,58+2,58-1,,20-1,27-1,21-1,13-1,14-1,9-1,12-1,11-1,3.3067
225,A. Belotti,Andrea Belotti,20,181,72,Italy,Palermo,68,80,Right,1,2,3,Medium/Medium,Normal,,SUB,,2014-07-17,,73.0,68.0,66.0,30.0,67.0,,,,,,,Power Header,32-1,68-1,73+6,63+5,58-1,66+5,65-1,54-1,37-1,68+3,72+4,74+5,63,61-1,62,71+5,72+8,63,74,70+12,54-1,25,67-1,54+5,55-1,,25,24-1,25,12-1,6-1,11-1,13-1,6-1,4.18
226,Kepa Arrizabalaga,Kepa,19,186,81,Spain,Athletic Club de Bilbao,68,79,Right,1,3,1,Medium/Medium,Normal,,RES,,2012-07-01,,,,,,,66.0,59.0,73.0,75.0,33.0,70.0,,25,25,25,25,25,25,25,25,35,25,34,33-1,36+2,66,39,34,64,37,51,25,25,25,25,25,23,,25,25,25,66+2,59+2,73+2,70+2,75+2,1.14
227,Santi Mina,Santi Mina,18,180,71,Spain,RC Celta,68,79,Right,1,3,3,Medium/Medium,Lean,,SUB,,2013-01-01,,68.0,70.0,71.0,28.0,52.0,,,,,,,,48+1,76+2,64+3,48+2,71+4,72+3,51+1,54+1,32+1,71+3,69,68-3,73,62+4,73+2,67+5,73,67,46+1,61+5,45+1,22-3,70+2,54+1,63+1,,25,24+1,20-5,8,7,13,7,14,2.28
228,N. Stark,Niklas Stark,19,190,81,Germany,1. FC Nürnberg,68,79,Right,1,3,2,Medium/Medium,Lean,,RCB,,2013-04-27,,66.0,52.0,64.0,65.0,73.0,,,,,,,,43,46,65,73,47,59,42,46,67,73,68,65,62,65,62,65,55,79,71+3,58,74,68,49,62,38,,61,66,65,6,14,9,14,12,2.28
229,J. Roussillon,Jérôme Roussillon,21,181,77,France,FC Sochaux-Montbéliard,68,78,Left,1,3,2,Medium/Medium,Normal,,LB,,2011-07-01,,77.0,25.0,66.0,65.0,65.0,,,,,,,,67,22,60,65,25,62,54,31,60,66,75+2,78,76+4,68,74,27,65+3,77+3,57+1,22,70,67,40,46,39,,64,66,68,8,6,12,7,14,1.71
230,J. Lingard,Jesse Lingard,21,168,65,England,Manchester United,68,77,Right,1,3,3,Medium/Medium,Lean,,RES,,2010-07-01,,78.0,61.0,69.0,31.0,44.0,,,,,,,,52,69,50,71,43,68,51,53,64,70,81,76,72,62,82,52,74,55,34-10,53,48,29,67+3,71,62,,28,31,24,13,9,7,12,8,
231,R. Fraser,Ryan Fraser,20,163,62,Scotland,Bournemouth,68,77,Right,1,4,3,High/Medium,Normal,"#Speedster, #Acrobat",LM,,2013-01-01,,91.0,53.0,70.0,41.0,57.0,,,,,,,"Flair, Speed Dribbler (CPU AI Only)",68,50,24,66,42,67,69,66,51,67,88+1,93,92+5,61,92+2,62,54,70,47,52,64,34,64,64,55,,52,42,36,14,13,14,6,9,0.57
232,P. Zieliński,Piotr Zielinski,20,177,64,Poland,Empoli,68,77,Right,1,3,3,Medium/Medium,Lean,,SUB,,2012-07-01,,69.0,64.0,74.0,40.0,45.0,,,,,,,,65-1,63-1,51-1,73+1,63-1,73-1,54-1,64-1,69-1,77+1,70+1,69,72,65,76,69-1,55-1,68,34,66,39-1,34-1,63-2,61+1,50-1,,34-1,46-1,43-1,11-1,8-1,11-1,10-1,5-1,3.135
233,E. Forsberg,Emil Forsberg,22,175,74,Sweden,Malmö FF,68,75,Right,1,4,3,Medium/Medium,Normal,,LM,,2012-01-01,SUB,73.0,67.0,75.0,28.0,61.0,,,,,,,"Long Shot Taker (CPU AI Only), Technical Dribbler (CPU AI Only)",62,64,44,66,64,76,64,61,56,74,81,67,77,60,82,73,59,68,61,73,51,38,68,63,54,,20,25,25,12,6,8,14,10,0.7979999999999999
234,M. de Roon,Marten de Roon,23,185,76,Netherlands,SC Heerenveen,68,74,Right,1,3,2,High/High,Normal,#Engine,RCM,,2012-07-01,,67.0,57.0,68.0,63.0,78.0,,,,,,,Long Throw-in,61,52,68,66-5,49,67,48,45,62-8,72,65,68,60,69,66,70,88,86,74,55,76,67,65,72+4,58,,58,65,63,13,14,6,11,11,1.285
235,N. Tagliafico,Nicolás Tagliafico,21,171,67,Argentina,Club Atlético Banfield,68,74,Left,1,2,3,High/Medium,Lean,,LB,,2010-06-01,,87.0,46.0,72.0,64.0,70.0,,,,,,,,63,32,57,64,32,70,60,39,58,69,88,87,85,65,90,65,74,79,62,59,76,64,58,54,45,,61,67,69,12,8,9,14,15,
236,W. Orban,Willi Orban,21,186,83,Germany,1. FC Kaiserslautern,68,73,Right,1,3,2,Medium/Medium,Normal,,RCB,,2011-07-01,,60.0,32.0,43.0,68.0,72.0,,,,,,,,36,31,67,54,32,35,27,31,48,50+1,61+3,60+6,39+2,68+2,56,36,67,58+4,80+3,28,72+2,66+2,27,39,40,,69+1,70+2,68+2,14,11,14,9,5,1.03
237,Marcos Lopes,Rony Lopes,18,174,68,Portugal,LOSC Lille,67,83,Left,1,3,4,Medium/Medium,Normal,,SUB,Manchester City,,,79.0,58.0,73.0,26.0,48.0,,,,,,,,68,60,37,69+3,46,72,45,60,65+3,71+2,78,79,83,60+3,84,58,42,60+12,50+13,52,31,21,62,68+3,64,,29,21,26,10,9,11,11,10,1.425
238,K. Coman,Kingsley Coman,18,178,71,France,Juventus,67,83,Right,1,3,3,High/Medium,Lean,#Speedster,SUB,,2014-07-01,,90.0,62.0,76.0,28.0,57.0,,,,,,,"Selfish, Speed Dribbler (CPU AI Only)",58+4,59+2,55+2,60+4,65+4,76+8,60+11,53+9,45-1,76+14,89+11,91+14,85+14,50+2,80+8,71+13,70+7,69+9,59-2,65+10,33,25+4,50-2,49+2,56-1,,21-1,27-2,27+2,4-3,2-4,4-3,2-4,4-10,0.9975
239,A. Cragno,Alessio Cragno,20,184,78,Italy,Cagliari,67,82,Right,1,1,1,Medium/Medium,Lean,,SUB,,2014-07-12,,,,,,,74.0,64.0,52.0,76.0,39.0,58.0,,25,25,25,25-1,25,25,25,25,24-1,30-1,41,37,35,60-9,43,38-1,74,43,55,25,32-1,25,25,25,30-1,,25,25,25,74+8,64+2,52-4,58-1,76+6,1.54
240,N. Aké,Nathan Aké,19,180,75,Netherlands,Chelsea,67,82,Left,1,3,2,High/Medium,Lean,,SUB,,2012-07-01,,77.0,48.0,65.0,66.0,66.0,,,,,,,,56,40,58,74,51,62,62,58,68,68-3,77,77+2,66-3,72,63,62,71,64,67,55,63,68,41,49,47,,63,71,67,9,6,6,15,9,
241,D. Rugani,Daniele Rugani,19,188,78,Italy,Empoli,67,81,Right,1,3,2,Medium/Medium,Lean,,LCB,,2014-08-09,,57.0,38.0,44.0,71.0,70.0,,,,,,,,37-3,35-1,67-1,49-6,29-1,39-1,45-1,29-1,55,48-7,54+4,60+5,55+10,54-16,35+1,49-1,69+9,65+5,73+1,40,69-5,71-2,29-1,32+2,33-1,,71-1,73+1,67-1,4-1,9-1,4-1,4-1,4-1,3.61
242,Y. Poulsen,Yussuf Poulsen,20,192,83,Denmark,RB Leipzig,67,80,Right,1,3,4,High/High,Lean,,RS,,2013-07-04,,85.0,61.0,71.0,31.0,77.0,,,,,,,Flair,59,63,63,61,64,73,67,42,41,68,84,86,77,69,55,61,74,72,82,56,71,22,68,49,58,,21,36,27,5,10,14,13,7,1.254
243,Ayoze Pérez,Ayoze Pérez,20,179,66,Spain,Newcastle United,67,78,Right,1,4,3,High/Medium,Lean,,SUB,,2014-06-06,,79.0,64.0,75.0,27.0,46.0,,,,,,,"Selfish, Speed Dribbler (CPU AI Only)",42,73,55,69,62,74,69,41,50,75,78,79-2,84,68,76,55,72,55,47,56,27,25,67,64,54,,25,22,25,11,11,10,13,7,1.368
244,C. Tolisso,Corentin Tolisso,19,181,78,France,Olympique Lyonnais,67,78,Right,1,3,2,Medium/Medium,Normal,,SUB,,2013-08-01,,76.0,46.0,69.0,71.0,75.0,,,,,,,,55+2,37,64+9,73+7,48,65+5,50,45,68+5,71+8,75,76,78+11,67+5,81,62,76,78+11,75+5,46,73+28,68+4,58+6,63+7,52,,72+22,74+16,70+13,6,9,13,8,13,1.995
245,M. Politano,Matteo Politano,20,171,68,Italy,Pescara,67,77,Left,1,2,3,High/Medium,Normal,#Acrobat,RW,,2013-07-01,,82.0,56.0,71.0,25.0,47.0,,,,,,,"Avoids Using Weaker Foot, Long Shot Taker (CPU AI Only), Technical Dribbler (CPU AI Only)",66-1,46-1,40-1,62-1,53-1,69-1,67-1,65+29,47-1,68,85+5,80+3,90+14,65-1,84,71+8,32-15,72+10,38,66-1,42+19,21-1,58-1,52-1,45-1,,25,21-1,25,10-1,11-1,5-1,7-1,10-1,1.71
246,Wendell,Wendell,20,176,64,Brazil,Bayer 04 Leverkusen,67,76,Left,1,2,2,Medium/Medium,Lean,,SUB,,2014-07-01,,74.0,37.0,66.0,64.0,56.0,,,,,,,,72,36,49,70,29,63,40,35,65,66,76,73,74,75,77+3,35,60,71,47,35,59,63,70,67,45,,69,65,67,7,11,5,13,13,5.32
247,J. King,Joshua King,22,180,74,Norway,Blackburn Rovers,67,74,Right,1,2,3,High/Low,Lean,#Speedster,SUB,,2013-01-02,ST,91.0,62.0,73.0,29.0,57.0,,,,,,,"Injury Prone, Beat Offside Trap, Flair, Speed Dribbler (CPU AI Only)",62-7,61,52,67,66,78,68,41,40,66,90+1,92,77,62,71,73,71+1,70,57,54,35,35,59,55,61,,21,26,25,11,8,10,11,6,1.48
248,L. Dunk,Lewis Dunk,22,192,88,England,Brighton & Hove Albion,67,74,Right,1,3,2,Medium/Medium,Lean,,LCB,,2010-04-01,,59.0,32.0,58.0,68.0,71.0,,,,,,,,26,33,72+2,64+2,23,57+5,31,31,59,61+4,57+2,60+3,56,65,44,41,48+5,70+4,75,25,66,67+1,22,39,30,,67+2,69+2,66,14,15,8,11,5,0.57
249,Thomas,Thomas Lemar,21,177,73,Ghana,UD Almería,67,71,Right,1,3,2,Medium/Medium,Normal,,LDM,Atlético Madrid,,,72.0,55.0,64.0,67.0,66.0,,,,,,,Dives Into Tackles (CPU AI Only),39+1,49+1,65+1,71+5,37+1,60+1,49+1,38+1,68+4,68+4,77+1,68-4,69-1,65+3,65+1,68+1,79-1,78,56-26,61+1,74-5,68+2,55+1,61+3,45+1,,59+7,74+2,67+1,10,12,8,8,6,0.855
250,T. Lemar,Thomas Lemar,18,170,58,France,Stade Malherbe Caen,61,71,Left,1,2,2,Medium/Medium,Lean,,SUB,,2013-03-05,,65.0,50.0,64.0,61.0,50.0,,,,,,,,54,47,51,66,49,63,39,38,62,66,67,64,59,57,85,56,68,63,38,51,59,64,48,62,44,,62,61,64,10,14,12,6,13,0.855
251,Yuri,Yuri Berchiche,24,177,77,Spain,Real Sociedad,67,70,Left,1,3,3,Medium/Medium,Normal,,SUB,,2012-01-01,,77.0,53.0,64.0,64.0,79.0,,,,,,,Dives Into Tackles (CPU AI Only),66+3,33,59+3,63+5,49,61,77+16,51,64,65+3,76-1,78-2,75,59+3,73,76+4,82,85,74,75+10,83,55+3,43,44,58,,66+3,68+4,67+3,11,12,8,7,10,1.482
252,V. Lazaro,Valentino Lazaro,18,180,73,Austria,FC Red Bull Salzburg,66,81,Right,1,3,4,Medium/Medium,Normal,,SUB,,2012-07-01,SUB,83.0,65.0,74.0,42.0,69.0,,,,,,,"Flair, Technical Dribbler (CPU AI Only)",56+4,61+2,41,66+6,61,75+1,72,63-2,60+5,74+1,81+2,85+3,79,56+6,74,71+7,56+2,62,72+9,69+9,71+32,39+2,54+8,63+3,66,,42,44+4,41,7,12,10,7,7,1.515
253,J. Grealish,Jack Grealish,18,178,62,Republic of Ireland,Aston Villa,66,80,Right,1,3,4,Medium/Medium,Lean,,SUB,,2012-03-01,,74.0,55.0,75.0,23.0,42.0,,,,,,,Technical Dribbler (CPU AI Only),63+2,59,20,65+3,58,77+3,66,56,45+15,74+3,75-6,74+1,77,54,81,52+3,33-5,61,34-9,48+8,39,25,57+1,66,59,,25,21,25,10,5,10,9,12,1.14
254,A. Rebić,Ante Rebic,20,182,80,Croatia,RB Leipzig,66,78,Right,1,2,3,Medium/Low,Normal,,SUB,Fiorentina,,,71.0,68.0,69.0,30.0,64.0,,,,,,,,35,72,70,62,44,70,46,37,41,72,72,70,68,57,58,70,70+2,62,70,67,50,25,58,48,66,,25,25,25,12,14,11,12,13,4.56
255,H. Maguire,Harry Maguire,21,188,79,England,Hull City,66,76,Right,1,3,2,Medium/Medium,Stocky,,RES,,2014-07-29,,44.0,34.0,42.0,68.0,78.0,,,,,,,"Power Free-Kick, Injury Free",38+13,29+4,72,54,26+1,39,28+3,45+20,55,45,32-19,54,38-16,46,59,51+14,67,72-10,86+5,28+3,66,66,45-6,44,39+14,,65,70,66,13,15,8,13,8,3.42
256,S. Verdi,Simone Verdi,21,171,61,Italy,Empoli,66,75,Left,1,5,4,High/Medium,Lean,#Acrobat,CAM,Torino,,,86.0,59.0,73.0,29.0,43.0,,,,,,,"Flair, Technical Dribbler (CPU AI Only)",63-1,57-1,38-1,67-1,58-1,70-1,60-1,54-1,61-1,70-1,89-1,84,92,64-1,92,60-1,44,69-1,35+1,63,29-1,32-1,60-1,58-1,49-1,,25,28-1,27-1,11-1,9-1,6-1,14-1,8-1,1.995
257,C. Wilson,Callum Wilson,22,180,66,England,Bournemouth,66,74,Right,1,3,3,High/Medium,Normal,#Speedster,LS,,2014-07-04,,91.0,67.0,67.0,29.0,68.0,,,,,,,"Beat Offside Trap, Speed Dribbler (CPU AI Only)",46,70+2,43,59,60+1,66+1,58,33,50,66+2,90,91,76,59,78,65+5,32,75+4,66,63+2,72,35,68+1,53+1,63,,25,25,25,9,14,7,9,5,2.85
258,Llorente,Diego Llorente,20,185,74,Spain,Real Madrid,66,74,Right,1,3,2,Medium/Medium,Lean,,SUB,,2014-07-08,,67.0,32.0,48.0,67.0,66.0,,,,,,,,54-5,28,64+4,63+1,30,39+7,29,34,58-1,59+4,68+7,67+4,47,62-1,55-1,44,67-1,64-1,67,26,65-2,70+12,32-8,43,52,,65+7,69+5,67+2,7,11,10,8,6,0.912
259,C. Kouakou,Christian Kouamé,23,182,73,Ivory Coast,Tours FC,66,70,Right,1,2,3,High/Medium,Normal,,LM,,2012-01-01,,87.0,64.0,67.0,30.0,69.0,,,,,,,,62,69,58,59,59,65,36,29,32,68,84-1,90,85+3,57,63,62,83+3,72+7,75+1,58,45,37,65,44,64,,22,25,25,7,12,12,13,10,0.057
260,C. Kouakou,Christian Kouamé,19,180,75,Sweden,IF Brommapojkarna,57,68,Right,1,3,2,Medium/Medium,Lean,,SUB,,2014-01-13,,73.0,55.0,62.0,27.0,52.0,,,,,,,,30,60,59,50,44,59,29,38,34,62,80,67,81,52,62,53,71,50,58,55,34,20,50,25+1,29,,25,25,25,14,15,13,8,15,0.057
261,S. Haller,Sébastien Haller,20,190,88,France,AJ Auxerre,65,78,Right,1,3,3,Medium/Low,Lean,,SUB,,2011-07-01,,77.0,65.0,57.0,29.0,63.0,,,,,,,,39,68,73,49,46,55,41,35,34,55,80+5,75,78+19,55,56+14,68,79+7,64+2,71,59,40,20,68,54,63,,25,25,25,5,6,13,6,5,1.43
262,J. Gbamin,Jean-Philippe Gbamin,18,186,83,France,Racing Club de Lens,65,77,Right,1,2,2,Medium/Medium,Lean,,RB,,2013-01-01,,74.0,29.0,62.0,63.0,63.0,,,,,,,,65+9,21,56+3,64+5,23,60,29,28,45,67+7,72,75+2,59,61+5,59,34,72,70,62,35,56+5,68,44,37,39,,58,65+2,68+2,10,12,7,13,9,1.855
263,M. Keane,Michael Keane,21,188,82,England,Burnley,65,75,Right,1,3,2,Medium/Medium,Normal,,SUB,Manchester United,,,58.0,30.0,53.0,67.0,63.0,,,,,,,Power Header,31,23,74,63,29,49,31,24,55,62,63,54,46,54,59,33,73,58,68,42,54,56,22,46,47,,69,69,66,15,6,7,13,10,0.57
264,A. Izzo,Armando Izzo,22,183,76,Italy,Genoa,65,75,Right,1,2,2,Medium/Medium,Normal,,SUB,,2014-07-14,,58.0,35.0,50.0,65.0,65.0,,,,,,,,39-1,28-1,65-1,54-1,24-1,44-1,25-1,30-1,54-1,54-1,61-1,55-1,50,67-1,60,49-1,72,63,61,43,74+1,63-1,20-1,37-1,41-1,,67+1,65-1,65-1,11-1,5-1,9-1,10-1,11-1,1.026
265,Y. Mina,Yerry Mina,19,189,72,Colombia,Independiente Santa Fe,65,73,Right,1,2,2,Low/Medium,Lean,,SUB,,2014-01-01,,55.0,41.0,50.0,65.0,73.0,,,,,,,,42,22,66,55,23,48,29,29,48,55,54,55,41,66,47,67,54,67,80,64,67,67,25,29,42,,65,66,59,9,7,11,8,11,
266,Marcos Alonso,Marcos Alonso,23,188,81,Spain,Fiorentina,65,71,Left,1,3,2,High/Medium,Lean,,LB,,2013-07-01,,68.0,59.0,62.0,64.0,68.0,,,,,,,,69-1,49-1,53-1,59-1,32-1,63-1,60-1,70-1,55-1,56-1,67-1,69-3,69,71-1,56,74-1,66,72,69,70,63-1,62-1,64+3,53+1,63-1,,66-1,67-1,67-1,8-1,6-1,12-1,8-1,11-1,2.85
267,Lucas Vázquez,Lucas Vázquez,22,173,69,Spain,RCD Espanyol,65,68,Right,1,3,3,High/Medium,Normal,,SUB,Real Madrid,,,81.0,59.0,66.0,25.0,56.0,,,,,,,Beat Offside Trap,63,65,47,64+2,35,65,56,67,49,64,84,78-3,74,74,71,54,67-1,64,53+1,56,53,22,71,51,55,,22,24,20,8,15,8,8,6,1.71
268,A. Petagna,Andrea Petagna,19,188,85,Italy,Latina,64,79,Left,1,2,2,Medium/Medium,Normal,#Strength,SUB,Milan,,,62.0,62.0,60.0,30.0,75.0,,,,,,,"Avoids Using Weaker Foot, Power Header, Outside Foot Shot",25-1,67-5,71-1,59-1,61-1,59-1,45-1,29-1,33-1,64-6,60,64,54,55-1,58,72-4,68,74+20,86,37-1,51-11,25,66-6,31-1,67-1,,25,25,25,2-1,2-1,2-1,4-1,2-1,1.026
269,Emerson,Emerson,19,176,63,Brazil,Palermo,64,77,Left,1,3,2,High/Medium,Lean,,RES,,2012-01-01,,79.0,46.0,69.0,62.0,62.0,,,,,,,,67,42,57,61,43,70,50,46,53,67,78,79-2,72,60,73,55,63,79-2,53,40,61,63,55,47,54,,62,65,59,7,14,7,6,13,0.57
270,T. Strakosha,Thomas Strakosha,19,192,80,Albania,Lazio,64,76,Right,1,2,1,Medium/Medium,Normal,,SUB,,2013-01-31,,,,,,,67.0,62.0,57.0,72.0,44.0,57.0,,25,25,25,25-1,25,25,25,25,21-1,25,41,46,31,55-1,47,25,49,23-30,56,25,25,25,25,25,20-1,,25,25,25,67-1,62+3,57+2,57+7,72+1,0.342
271,M. Halstenberg,Marcel Halstenberg,22,186,82,Germany,FC St. Pauli,64,72,Left,1,3,2,Medium/Medium,Lean,,SUB,,2013-07-01,,80.0,50.0,60.0,61.0,73.0,,,,,,,,67,36,65,64,32,60,67,67,51,62,76,84,57,58,64,73,63,71+1,77,59,69,53,57+1,46,66,,61,66,62+2,8,14,13,9,15,0.912
272,Marco Asensio,Marco Asensio,18,178,70,Spain,RCD Mallorca,64,72,Left,1,3,3,Medium/Medium,Normal,,CAM,,2012-07-01,,63.0,50.0,64.0,34.0,55.0,,,,,,,,67,49,46,71+2,49,60-4,54,48,61-5,67,66,61-1,69+3,62,75+1,57,55,63+1,56+4,43,44,28,56,64,55,,29,36,38,12,8,5,11,9,0.7979999999999999
273,R. Freuler,Remo Freuler,22,181,74,Switzerland,FC Luzern,64,68,Right,1,3,3,Medium/Medium,Normal,,SUB,,2014-02-18,,66.0,63.0,62.0,53.0,68.0,,,,,,,"Long Shot Taker (CPU AI Only), Playmaker (CPU AI Only)",59,62+3,38-3,67,42,58,48,65,66,66,64,68,70,66,59,72+4,58+4,84,64,62+8,62,54,73+4,59,60,,57,52,55,11,7,8,13,12,0.779
274,L. Hernández,Lucas Hernández,18,180,75,France,Atlético Madrid,63,81,Left,1,3,2,High/Low,Normal,,RES,,2007-08-18,,69.0,50.0,60.0,63.0,61.0,,,,,,,"Long Passer (CPU AI Only), Power Header",29,55,74,66+2,22,58,37,27,68,60,68,69-2,69,60,61,61,65,61,59,46,66,65,26,32,33,,62,60,57,9,6,7,13,9,
275,J. Weigl,Julian Weigl,18,186,70,Germany,TSV 1860 München,63,79,Right,1,3,2,Medium/Medium,Lean,,SUB,,2013-07-01,,72.0,50.0,61.0,60.0,65.0,,,,,,,,53+4,46+2,47,69+2,49,58+2,43,47,61+1,66+1,73,72,61,61+2,54,52+1,56,73+4,64+11,57+1,61+5,63+10,51+3,61,48,,57+3,63+4,66+9,5,13,15,10,6,0.335
276,J. Kimmich,Joshua Kimmich,19,176,70,Germany,RB Leipzig,63,78,Right,1,3,3,Medium/Medium,Normal,,LCM,,2013-07-05,,69.0,51.0,68.0,56.0,63.0,,,,,,,,56,49,37,66,48,68,66,53,63,66,73,66,79,59,74,58,71,72,54,50,70,61,58,67,47,,58,58,54,7,14,6,14,14,1.026
277,D. Gray,Demarai Gray,18,178,66,England,Birmingham City,63,78,Right,1,3,3,Medium/Low,Lean,,SUB,,2013-10-01,,85.0,57.0,69.0,23.0,45.0,,,,,,,Speed Dribbler (CPU AI Only),50,60,35,52,40,69,46,41,51,66,86,85,85,56,73,55,55,67,38,62,32,22,49,52,45,,20,21,25,5,10,10,12,9,0.513
278,J. Lerma,Jefferson Lerma,19,179,70,Colombia,Atlético Huila,63,69,Right,1,3,2,Medium/Medium,Lean,,RDM,,2013-07-01,,75.0,55.0,58.0,62.0,72.0,,,,,,,,50,54,51,55,38,54,33,59,54,58,74,76,70,65,69,63,56,83,66,55,77,66,55,56,39,,61,64,59,15,13,10,6,8,
279,Diogo Jota,Diogo Jota,17,178,70,Portugal,FC Paços de Ferreira,63,66,Right,1,3,3,Medium/Medium,Normal,,RES,,2014-06-30,,74.0,57.0,67.0,32.0,49.0,,,,,,,,35,60,34,66,48,65,35,30,61,68,73,74,73,63,70,53,45,74,40,56,42,25,57,61,60,,35,33,32,6,11,14,8,10,0.114
280,J. Bamba,Jonathan Bamba,18,173,67,France,AS Saint-Étienne,62,78,Right,1,3,3,Medium/High,Lean,,RES,,2011-07-01,,79.0,57.0,69.0,37.0,53.0,,,,,,,Speed Dribbler (CPU AI Only),52,53,61,53,57,68,41,39,45,69,81,78,75,55,79,63,61,65,42,64,65,27,54,50,52,,39,36,34,14,13,14,7,8,0.171
281,L. Cook,Lewis Cook,17,175,66,England,Leeds United,62,77,Right,1,4,2,Medium/High,Lean,,CM,,2014-07-01,,69.0,50.0,67.0,58.0,60.0,,,,,,,Dives Into Tackles (CPU AI Only),41,48,46,67,39,64,38,55,63,69,70,68,75,60,76,57,57,65,57,54,60,57,34,64,44,,59,62,58,5,14,11,14,12,0.171
282,K. Demirbay,Kerem Demirbay,20,185,80,Turkey,1. FC Kaiserslautern,62,71,Left,1,3,3,Medium/Medium,Lean,,SUB,Hamburger SV,,,55.0,50.0,69.0,47.0,58.0,,,,,,,,48,45+5,40,70+1,40+4,70,58+13,65+15,65+2,71,55-3,55,68+6,66+4,59-2,63+5,53,54,64+8,51+3,49,47+1,54+4,65,45,,44,52,46,13,14,10,13,13,0.5985
283,J. Pickford,Jordan Pickford,20,185,77,England,Bradford City,62,69,Left,1,3,1,Medium/Medium,Normal,,GK,Sunderland,,,,,,,,67.0,51.0,69.0,65.0,44.0,64.0,Puncher,25,25,25,27,25,25,25,25,25,20-3,48,41,33,56,67,21,59,44-13,50+3,25,22,23,25,25,40,,25,25,25,67+1,51,69+8,64+5,65+4,0.285
284,W. Weghorst,Wout Weghorst,21,197,84,Netherlands,Heracles Almelo,62,67,Right,1,3,2,Medium/Medium,Lean,#Aerial Threat,SUB,,2014-07-01,,42.0,64.0,58.0,28.0,73.0,,,,,,,,29,66,75,49,59,58,35,36,30,63,30,52,54,56,33,68,61,64,85,56,58,26,64,51,68,,22,22,25,10,8,13,15,11,0.3707
285,J. Andersen,Joachim Andersen,18,185,75,Denmark,FC Twente,61,75,Right,1,3,2,Medium/Medium,Normal,,SUB,,2013-08-08,,66.0,43.0,47.0,62.0,64.0,,,,,,,,33,45,61,61,24,48,39,35,48,46,63,69,43,47,58,46,74,61,70,43,49,58,27,28,43,,59,66,63,12,6,8,14,13,0.1995
286,L. Dendoncker,Leander Dendoncker,19,178,67,Belgium,RSC Anderlecht,61,73,Right,1,4,2,Medium/Medium,Lean,,SUB,,2012-03-01,,65.0,51.0,65.0,58.0,60.0,,,,,,,,48+3,48,56+1,66,32,63,38,48,63+1,68,64+8,65,66+20,61+6,67+10,55,57-1,64+4,58-15,61,63+2,58,39,57+6,43,,55+2,61+5,56+1,13,7,13,13,5,0.608
287,Héctor Bellerín,Héctor Bellerín,19,177,74,Spain,Arsenal,61,72,Right,1,3,3,Medium/Medium,Normal,,RES,,2012-07-01,,84.0,46.0,63.0,59.0,59.0,,,,,,,,56,45,53+6,62,40,58-5,48,49,53,61,76-3,91+13,84,62,77,51,34,61,61+22,42,58-4,57+3,38-10,49,61,,58+4,62+3,59+5,7,13,13,12,11,0.57
288,N. Barella,Nicolò Barella,17,172,68,Italy,Cagliari,60,81,Right,1,3,2,Medium/Medium,Lean,,RES,,2014-07-01,,75.0,47.0,69.0,45.0,58.0,,,,,,,,57,37,39,71,50,67,67,61,69,71,75,75,75,51,81,61,59,69,51,55,59,44,44,54,55,,43,49,49,10,4,12,13,10,0.228
289,L. Klostermann,Lukas Klostermann,18,185,80,Germany,RB Leipzig,60,77,Right,1,3,2,Medium/Medium,Lean,,SUB,,2014-08-22,,84.0,29.0,55.0,62.0,61.0,,,,,,,Speed Dribbler (CPU AI Only),43,25,59,50+2,24,52+8,22,21,40,55+6,82+3,85+1,58+3,64,64+12,39,84,55,64,28+5,55,65+6,44+4,32,25,,64+3,62+3,57,7,11,9,6,6,0.2565
290,L. Sané,Leroy Sané,18,184,75,Germany,FC Schalke 04,60,74,Left,1,4,3,High/Medium,Normal,,RES,,2014-03-28,,64.0,49.0,63.0,45.0,53.0,,,,,,,,56,46,50,70,46,62+3,56,50,67,63+5,65+8,64+2,68+3,57,66-9,57,58,47,57+20,45,51,28,50,61,55,,48,47,54,7,11,8,8,13,0.456
291,A. Meret,Alex Meret,17,191,82,Italy,Udinese,60,74,Right,1,2,1,Medium/Medium,Lean,,RES,,2013-07-01,,,,,,,64.0,53.0,52.0,65.0,45.0,58.0,,25,25,25,28,25,25,25,20,21,21,41,48,37,61,48,20,68,29,65,20,21,21,25,25,30,,25,20,25,64,53,52,58,65,0.285
292,G. Waldschmidt,Luca Waldschmidt,18,177,68,Germany,Eintracht Frankfurt,59,79,Left,1,3,3,Medium/Medium,Lean,,RES,,2013-07-01,,72.0,59.0,64.0,27.0,47.0,,,,,,,,43,63,47,60+1,50,62,46,41,48,64,76,69+2,76+1,51,77+9,61,63,55+3,45+12,52,37,25,59+6,51,48,,25,25,25,13,9,6,8,15,0.57
293,M. Caldara,Mattia Caldara,20,180,75,Italy,Trapani,59,73,Right,1,2,2,Low/Medium,Normal,,SUB,,2012-08-01,,63.0,29.0,40.0,61.0,62.0,,,,,,,,29-1,22-1,60-1,43-1,30-1,30-1,34-1,33-1,41-1,44-1,60,66+2,56,48-1,66,46-1,65,56+1,67,27,58-1,59-1,25-1,36-1,44-1,,61-1,64-1,60-1,13-1,8-1,5-1,8-1,4-1,0.057
294,D. Sánchez,Davinson Sánchez,18,186,75,Colombia,Atlético Nacional,59,71,Right,1,3,2,Medium/Medium,Lean,,RES,,2013-10-19,,58.0,27.0,33.0,62.0,66.0,,,,,,,,33,21,57,42,27,26,21,21,41,30,50,65,48,62,55,42,62,68,73,25,47,58,20,32,31,,65,64,59,8,6,9,5,14,
295,M. González,Maxi Gómez,20,180,75,Chile,Deportivo Ñublense,58,68,Left,1,2,2,Medium/Medium,Lean,,RES,,2014-08-07,,61.0,26.0,39.0,59.0,68.0,,,,,,,,49,22,54,49,29,27,37,28,41,48,56,65,50,64,52,33,72,60,73,20,63,61,43,33,28,,56,61,60,15,10,11,11,13,
296,A. Christensen,Andreas Christensen,18,188,74,Denmark,Chelsea,58,67,Right,1,3,2,Medium/Medium,Lean,,RES,,2012-08-01,,54.0,25.0,40.0,57.0,64.0,,,,,,,,24,21,63,61,24,32,21,21,58,47,55,54,48,52,57,30,71,64,63,25,64,62,29,38,39,,48,61,54,9,11,7,5,7,0.57
297,C. Lenglet,Clément Lenglet,19,187,80,France,AS Nancy Lorraine,58,67,Right,1,2,2,Low/High,Normal,,SUB,,2013-09-13,,51.0,28.0,35.0,59.0,65.0,,,,,,,,30,22,63,54,23,25,24,26,45,43,45-8,56+1,42+1,45,54,43,74+4,62+1,68+1,27,58,57,21,31,42,,60,59,52,9,9,8,11,6,0.2565
298,Pau,Pau López,19,188,72,Spain,RCD Espanyol,57,63,Right,1,3,1,Medium/Medium,Lean,,SUB,,2013-07-01,,,,,,,56.0,57.0,53.0,59.0,49.0,58.0,,25,25,25,29,25,25,25,25,24,24,45,52,40,53,57,20,60,42-9,52,25,38,25,25,25,29,,25,25,25,56,57,53,58,59,0.228
299,R. Loftus-Cheek,Ruben Loftus-Cheek,18,190,71,England,Chelsea,56,76,Left,1,3,2,Medium/Medium,Normal,,RES,,2013-06-03,,72.0,43.0,54.0,41.0,60.0,,,,,,,,35,42,49,69,30,49,30,30,64,57,71,73,58,54,71,50,60,61,63,39,51,49,57,55,44,,35,38,40,10,6,11,14,12,
300,M. Maignan,Mike Maignan,18,187,80,France,Paris Saint-Germain,56,74,Right,1,3,1,Medium/Medium,Normal,,SUB,,2013-07-01,,,,,,,64.0,57.0,52.0,55.0,43.0,48.0,,25,25,25,32,25,21,25,25,25,23,44,43,33,57,55,25,58,24,72,25,25,23,25,25,33,,25,25,25,64,57,52,48,55,0.285
301,J. Maddison,James Maddison,17,179,73,England,Coventry City,56,74,Right,1,3,2,High/Medium,Lean,,SUB,,2013-10-04,,75.0,58.0,63.0,29.0,49.0,,,,,,,,34,60,29-1,59,51+14,62+7,49+11,61+23,56,61+12,77+6,74,75+1,49,67,54-4,58,61,39-13,58-3,59,28-10,62,55+10,68+32,,25,32-4,29,10,13,13,11,13,0.057
302,H. Winks,Harry Winks,18,178,65,England,Tottenham Hotspur,56,71,Right,1,3,2,Medium/Low,Lean,,RES,,2014-01-01,,66.0,50.0,62.0,43.0,50.0,,,,,,,,58,49,42,63,47,62,60,56,57,60,65,67,65,62,70,52,55,53,49,49,47,32,52,61,50,,46,47,43,7,10,13,12,9,
303,D. Alli,Dele Alli,18,187,73,England,Milton Keynes Dons,55,76,Right,1,3,3,High/Medium,Lean,,LDM,,2012-08-01,,64.0,54.0,61.0,49.0,60.0,,,,,,,"Flair, Long Shot Taker (CPU AI Only), Technical Dribbler (CPU AI Only)",34-5,57,54,64+1,43,64+2,44,30,60+1,64+3,66,63,56+2,44,43,55,57+8,71+7,57+3,53,54,45,57,57+3,41,,44,54+2,48,6,5,8,10,7,1.425
304,J. Gomez,Joe Gomez,17,185,77,England,Charlton Athletic,55,74,Right,1,3,2,Medium/Medium,Lean,,RB,,2014-07-01,,73.0,29.0,53.0,55.0,64.0,,,,,,,,46,25,56,42,23,55,40,28,31,42,70,75,64,56,70,40,52,58,74,25,50,56,50,38,25,,52,58,55,7,12,13,6,6,0.057
305,E. Bertrand,Eric Bailly,20,187,77,Ivory Coast,RCD Espanyol,55,63,Right,1,2,2,High/Low,Normal,,RES,,2012-07-13,,62.0,38.0,43.0,53.0,63.0,,,,,,,Power Header,34,32,65,47,23,39,24,29,39,41,61,63,52,56,64,57,66,62,65,38,57,58,35,34,32,,41,59,52,13,13,9,8,7,
306,D. Calvert-Lewin,Dominic Calvert-Lewin,17,180,64,England,Sheffield United,51,60,Right,1,3,2,High/Low,Lean,,RES,,2013-12-01,,66.0,53.0,46.0,27.0,43.0,,,,,,,,32,59,50,44,39,40,35,26,29,48,65,66,56,48,64,49,55,48,43,46,33,25,50,43,63,,25,24,20,11,11,7,6,10,
307,L. Lima,Lucas Paquetá,19,178,74,Argentina,Unión La Calera,51,55,Right,1,2,2,Medium/Medium,Normal,,SUB,,2014-08-26,,63.0,50.0,49.0,28.0,63.0,,,,,,,,33,54,50,44,32,46,33,26,28,41,67,59-4,73,52+4,73,48,59,75,68,46,34,25,51+2,36,54,,25,25,25,7,13,13,14,8,
308,N. Elvedi,Nico Elvedi,17,188,74,Switzerland,FC Zürich,50,62,Right,1,3,2,Medium/High,Lean,,SUB,,2014-01-01,,71.0,29.0,43.0,50.0,47.0,,,,,,,,42,25,45,53,26,30,32,22,25,60,68,73,41,51,66,42,73,57,40,25,46,52,27,29,34,,47,52,50,8,14,9,11,8,0.228
309,Borja Iglesias,Borja Iglesias,21,187,80,Spain,RC Celta,50,55,Right,1,3,3,Medium/Medium,Normal,,RES,,2013-06-30,,52.0,53.0,46.0,26.0,57.0,,,,,,,,31,57,50,44,42,46,34,35,30,42,55,49,56,46,53,51,61,55,66,49,34,25,49,42,65,,25,20,25,13,11,15,12,15,
